date,category,region,units_sold,unit_price,sales,profit,margin_pct
2024-01-01,Electronics,North,48,224.84,10792.32,1608.24,14.9
2024-01-01,Electronics,North,38,295.79,11240.02,1392.34,12.4
2024-01-01,Clothing,South,33,70.39,2322.87,1022.79,44.0
2024-01-01,Books,West,15,22.37,335.55,105.36,31.4
2024-01-01,Electronics,South,45,231.75,10428.75,1628.17,15.6
2024-01-01,Clothing,East,7,25.98,181.86,58.96,32.4
2024-01-01,Food & Beverage,East,52,7.3,379.6,103.21,27.2
2024-01-01,Electronics,West,6,311.86,1871.16,426.29,22.8
2024-01-01,Books,East,37,14.86,549.82,146.25,26.6
2024-01-02,Clothing,East,6,110.05,660.3,341.12,51.7
2024-01-02,Sports,East,30,183.49,5504.7,1612.69,29.3
2024-01-02,Food & Beverage,East,14,36.92,516.88,165.59,32.0
2024-01-02,Electronics,South,35,347.61,12166.35,1718.4,14.1
2024-01-02,Sports,East,60,184.55,11073.0,3669.48,33.1
2024-01-02,Food & Beverage,North,15,48.28,724.2,246.96,34.1
2024-01-02,Sports,East,5,79.14,395.7,161.68,40.9
2024-01-02,Food & Beverage,South,42,24.72,1038.24,370.59,35.7
2024-01-02,Sports,South,17,52.81,897.77,331.28,36.9
2024-01-03,Food & Beverage,West,58,31.26,1813.08,457.62,25.2
2024-01-03,Clothing,West,6,94.36,566.16,291.73,51.5
2024-01-03,Clothing,South,51,77.81,3968.31,1782.18,44.9
2024-01-03,Sports,West,39,259.09,10104.51,3292.28,32.6
2024-01-03,Books,North,44,35.72,1571.68,639.35,40.7
2024-01-03,Books,East,50,29.94,1497.0,412.66,27.6
2024-01-03,Sports,South,30,24.08,722.4,263.26,36.4
2024-01-03,Food & Beverage,South,33,41.46,1368.18,484.48,35.4
2024-01-04,Books,South,10,17.97,179.7,51.6,28.7
2024-01-04,Books,North,39,21.13,824.07,209.71,25.4
2024-01-04,Food & Beverage,East,16,7.99,127.84,45.46,35.6
2024-01-04,Electronics,North,47,326.73,15356.31,1980.93,12.9
2024-01-04,Books,South,9,26.2,235.8,110.3,46.8
2024-01-04,Clothing,East,34,111.94,3805.96,1544.4,40.6
2024-01-05,Books,South,46,16.18,744.28,356.42,47.9
2024-01-05,Food & Beverage,West,58,28.29,1640.82,335.06,20.4
2024-01-05,Clothing,North,22,19.79,435.38,190.91,43.8
2024-01-05,Books,South,1,9.24,9.24,3.65,39.5
2024-01-05,Clothing,North,58,21.04,1220.32,466.9,38.3
2024-01-06,Clothing,East,43,69.27,2978.61,1295.12,43.5
2024-01-06,Books,West,16,33.11,529.76,230.83,43.6
2024-01-06,Clothing,North,7,96.82,677.74,263.35,38.9
2024-01-06,Sports,West,56,196.6,11009.6,3904.81,35.5
2024-01-06,Electronics,North,26,443.73,11536.98,2585.17,22.4
2024-01-06,Electronics,South,13,143.9,1870.7,333.58,17.8
2024-01-06,Sports,South,18,120.83,2174.94,858.88,39.5
2024-01-06,Electronics,West,52,441.77,22972.04,4400.12,19.2
2024-01-07,Books,North,6,43.29,259.74,115.64,44.5
2024-01-07,Clothing,West,32,65.54,2097.28,1082.54,51.6
2024-01-07,Electronics,South,25,72.81,1820.25,310.82,17.1
2024-01-07,Sports,East,28,198.45,5556.6,2034.28,36.6
2024-01-08,Books,West,10,14.08,140.8,42.25,30.0
2024-01-08,Electronics,North,48,243.47,11686.56,1478.57,12.7
2024-01-08,Sports,South,4,225.74,902.96,213.12,23.6
2024-01-08,Clothing,North,39,25.46,992.94,511.82,51.5
2024-01-08,Sports,North,57,183.2,10442.4,3506.39,33.6
2024-01-08,Electronics,North,27,409.51,11056.77,2139.26,19.3
2024-01-08,Food & Beverage,East,14,36.89,516.46,125.42,24.3
2024-01-08,Food & Beverage,West,9,35.23,317.07,76.1,24.0
2024-01-08,Food & Beverage,North,1,29.47,29.47,11.19,38.0
2024-01-08,Electronics,North,35,194.95,6823.25,1054.03,15.4
2024-01-09,Electronics,South,24,179.73,4313.52,763.34,17.7
2024-01-09,Books,East,40,41.46,1658.4,722.45,43.6
2024-01-09,Books,North,43,39.27,1688.61,538.43,31.9
2024-01-09,Electronics,South,17,115.63,1965.71,263.24,13.4
2024-01-09,Books,South,18,15.31,275.58,82.25,29.8
2024-01-09,Food & Beverage,South,44,30.19,1328.36,309.24,23.3
2024-01-10,Food & Beverage,North,6,38.57,231.42,80.04,34.6
2024-01-10,Electronics,North,22,464.45,10217.9,2072.44,20.3
2024-01-10,Food & Beverage,South,48,22.39,1074.72,345.13,32.1
2024-01-10,Books,North,8,11.97,95.76,43.39,45.3
2024-01-10,Clothing,North,54,61.83,3338.82,1462.84,43.8
2024-01-10,Sports,South,3,88.32,264.96,105.93,40.0
2024-01-10,Electronics,East,14,384.79,5387.06,1113.51,20.7
2024-01-11,Books,West,40,31.98,1279.2,592.17,46.3
2024-01-11,Clothing,South,52,90.12,4686.24,2438.5,52.0
2024-01-11,Electronics,South,48,421.46,20230.08,4485.22,22.2
2024-01-11,Sports,South,18,56.93,1024.74,369.17,36.0
2024-01-11,Sports,North,55,156.56,8610.8,2238.07,26.0
2024-01-11,Sports,East,20,228.91,4578.2,1805.02,39.4
2024-01-12,Electronics,South,26,196.08,5098.08,1184.62,23.2
2024-01-12,Food & Beverage,East,42,29.32,1231.44,389.02,31.6
2024-01-12,Books,East,2,12.28,24.56,11.62,47.3
2024-01-12,Clothing,East,3,27.7,83.1,33.96,40.9
2024-01-12,Food & Beverage,West,39,49.29,1922.31,390.48,20.3
2024-01-13,Clothing,East,3,93.89,281.67,84.62,30.0
2024-01-13,Books,South,24,19.62,470.88,220.49,46.8
2024-01-13,Food & Beverage,East,43,45.32,1948.76,631.3,32.4
2024-01-13,Food & Beverage,East,43,24.55,1055.65,274.98,26.0
2024-01-13,Food & Beverage,South,13,21.53,279.89,103.02,36.8
2024-01-13,Clothing,East,26,76.16,1980.16,594.25,30.0
2024-01-13,Food & Beverage,South,28,36.32,1016.96,306.44,30.1
2024-01-13,Food & Beverage,West,29,24.9,722.1,160.84,22.3
2024-01-14,Clothing,North,19,79.49,1510.31,692.08,45.8
2024-01-14,Food & Beverage,North,53,55.02,2916.06,661.87,22.7
2024-01-14,Food & Beverage,South,52,12.56,653.12,120.75,18.5
2024-01-14,Clothing,West,40,104.22,4168.8,1326.54,31.8
2024-01-14,Sports,South,46,170.05,7822.3,2494.34,31.9
2024-01-14,Clothing,South,42,78.48,3296.16,1724.44,52.3
2024-01-14,Electronics,West,15,153.87,2308.05,564.4,24.5
2024-01-15,Sports,North,36,96.96,3490.56,1360.16,39.0
2024-01-15,Sports,South,52,121.25,6305.0,2056.86,32.6
2024-01-15,Books,East,49,38.35,1879.15,734.58,39.1
2024-01-15,Books,West,54,37.02,1999.08,704.8,35.3
2024-01-15,Clothing,West,29,42.22,1224.38,442.99,36.2
2024-01-15,Food & Beverage,West,41,15.77,646.57,173.26,26.8
2024-01-15,Food & Beverage,South,18,18.1,325.8,116.83,35.9
2024-01-15,Electronics,South,10,159.42,1594.2,335.12,21.0
2024-01-16,Clothing,North,27,66.47,1794.69,781.86,43.6
2024-01-16,Sports,North,14,254.03,3556.42,1059.44,29.8
2024-01-16,Books,North,55,41.61,2288.55,875.16,38.2
2024-01-16,Sports,North,23,110.26,2535.98,755.72,29.8
2024-01-16,Sports,South,32,69.61,2227.52,684.22,30.7
2024-01-16,Electronics,West,22,360.93,7940.46,1776.75,22.4
2024-01-16,Clothing,West,59,28.4,1675.6,763.34,45.6
2024-01-16,Electronics,West,38,317.04,12047.52,1488.15,12.4
2024-01-16,Sports,South,56,120.63,6755.28,1554.1,23.0
2024-01-17,Food & Beverage,South,30,17.74,532.2,176.82,33.2
2024-01-17,Sports,East,49,261.01,12789.49,3892.01,30.4
2024-01-17,Electronics,West,2,394.59,789.18,100.05,12.7
2024-01-17,Food & Beverage,South,42,7.28,305.76,113.58,37.1
2024-01-17,Electronics,North,16,188.29,3012.64,369.5,12.3
2024-01-17,Clothing,South,9,58.25,524.25,172.27,32.9
2024-01-17,Clothing,West,45,41.91,1885.95,739.71,39.2
2024-01-18,Books,North,50,39.35,1967.5,928.44,47.2
2024-01-18,Electronics,North,60,242.68,14560.8,3029.45,20.8
2024-01-18,Sports,West,46,72.41,3330.86,1127.23,33.8
2024-01-18,Clothing,North,45,110.53,4973.85,2549.46,51.3
2024-01-18,Books,North,51,45.41,2315.91,995.86,43.0
2024-01-18,Food & Beverage,West,43,21.68,932.24,262.14,28.1
2024-01-18,Food & Beverage,North,55,27.49,1511.95,420.38,27.8
2024-01-18,Sports,East,41,246.36,10100.76,3150.91,31.2
2024-01-19,Sports,South,47,133.28,6264.16,2193.03,35.0
2024-01-19,Books,West,30,21.94,658.2,275.22,41.8
2024-01-19,Food & Beverage,East,55,16.85,926.75,340.05,36.7
2024-01-19,Food & Beverage,West,16,38.77,620.32,182.36,29.4
2024-01-19,Sports,East,2,148.75,297.5,84.79,28.5
2024-01-20,Clothing,East,52,44.23,2299.96,850.79,37.0
2024-01-20,Books,East,36,8.74,314.64,147.27,46.8
2024-01-20,Electronics,South,47,225.63,10604.61,2037.92,19.2
2024-01-20,Clothing,West,42,89.74,3769.08,1553.03,41.2
2024-01-20,Electronics,North,19,199.03,3781.57,793.87,21.0
2024-01-20,Food & Beverage,East,31,31.4,973.4,242.13,24.9
2024-01-20,Books,East,23,32.02,736.46,230.0,31.2
2024-01-21,Clothing,North,47,40.5,1903.5,627.94,33.0
2024-01-21,Books,South,13,13.43,174.59,63.09,36.1
2024-01-21,Books,East,7,36.38,254.66,81.02,31.8
2024-01-21,Food & Beverage,South,20,5.07,101.4,29.08,28.7
2024-01-21,Food & Beverage,North,4,34.39,137.56,43.95,31.9
2024-01-21,Clothing,West,7,106.64,746.48,331.08,44.4
2024-01-22,Sports,West,22,69.14,1521.08,350.27,23.0
2024-01-22,Sports,North,53,47.48,2516.44,801.11,31.8
2024-01-22,Books,North,10,14.69,146.9,55.74,37.9
2024-01-22,Food & Beverage,North,16,11.88,190.08,63.28,33.3
2024-01-22,Books,South,50,22.25,1112.5,393.4,35.4
2024-01-22,Sports,East,56,171.9,9626.4,2943.43,30.6
2024-01-22,Books,North,40,44.53,1781.2,485.95,27.3
2024-01-23,Clothing,South,17,75.91,1290.47,437.81,33.9
2024-01-23,Clothing,North,11,17.57,193.27,79.75,41.3
2024-01-23,Books,West,19,9.04,171.76,54.32,31.6
2024-01-23,Food & Beverage,West,5,35.93,179.65,65.53,36.5
2024-01-23,Books,South,28,10.51,294.28,88.79,30.2
2024-01-23,Clothing,East,53,31.43,1665.79,524.57,31.5
2024-01-23,Food & Beverage,East,29,11.13,322.77,102.56,31.8
2024-01-23,Sports,East,33,159.97,5279.01,1623.57,30.8
2024-01-23,Books,North,57,25.1,1430.7,463.74,32.4
2024-01-23,Food & Beverage,North,6,17.6,105.6,33.25,31.5
2024-01-24,Books,North,49,33.94,1663.06,518.85,31.2
2024-01-24,Electronics,South,31,268.17,8313.27,1475.52,17.7
2024-01-24,Food & Beverage,South,38,22.15,841.7,288.58,34.3
2024-01-24,Electronics,West,23,251.51,5784.73,935.61,16.2
2024-01-24,Electronics,South,22,227.6,5007.2,923.38,18.4
2024-01-24,Sports,North,30,53.6,1608.0,434.93,27.0
2024-01-24,Electronics,West,56,296.13,16583.28,4120.21,24.8
2024-01-24,Books,West,27,9.73,262.71,97.0,36.9
2024-01-24,Books,West,41,22.15,908.15,237.82,26.2
2024-01-24,Food & Beverage,South,60,16.17,970.2,345.56,35.6
2024-01-25,Electronics,North,41,386.09,15829.69,2392.0,15.1
2024-01-25,Clothing,East,36,17.26,621.36,249.79,40.2
2024-01-25,Clothing,North,30,131.61,3948.3,1823.83,46.2
2024-01-25,Clothing,West,60,90.24,5414.4,2313.13,42.7
2024-01-25,Food & Beverage,West,54,26.71,1442.34,395.84,27.4
2024-01-25,Sports,South,25,63.54,1588.5,539.89,34.0
2024-01-25,Clothing,North,18,110.55,1989.9,1022.02,51.4
2024-01-26,Books,East,53,8.49,449.97,187.63,41.7
2024-01-26,Books,West,56,12.76,714.56,267.16,37.4
2024-01-26,Food & Beverage,East,36,41.3,1486.8,379.79,25.5
2024-01-26,Food & Beverage,South,45,14.17,637.65,163.62,25.7
2024-01-26,Sports,North,21,230.3,4836.3,1746.12,36.1
2024-01-26,Sports,West,43,211.42,9091.06,3185.54,35.0
2024-01-27,Sports,North,9,165.07,1485.63,502.2,33.8
2024-01-27,Electronics,West,7,300.9,2106.3,377.87,17.9
2024-01-27,Clothing,West,56,83.75,4690.0,1587.99,33.9
2024-01-27,Sports,East,22,180.43,3969.46,1188.84,29.9
2024-01-27,Electronics,East,55,381.39,20976.45,3972.33,18.9
2024-01-28,Sports,North,40,48.31,1932.4,669.06,34.6
2024-01-28,Food & Beverage,South,48,8.16,391.68,147.14,37.6
2024-01-28,Electronics,West,11,371.48,4086.28,970.27,23.7
2024-01-28,Electronics,East,51,108.75,5546.25,924.01,16.7
2024-01-28,Sports,South,16,135.26,2164.16,721.07,33.3
2024-01-28,Clothing,South,12,20.96,251.52,130.21,51.8
2024-01-29,Clothing,West,59,76.23,4497.57,1610.34,35.8
2024-01-29,Food & Beverage,West,17,35.01,595.17,214.13,36.0
2024-01-29,Sports,East,44,161.6,7110.4,1669.33,23.5
2024-01-29,Food & Beverage,East,41,50.71,2079.11,661.29,31.8
2024-01-29,Sports,East,13,272.85,3547.05,1385.72,39.1
2024-01-29,Electronics,South,25,288.19,7204.75,1402.95,19.5
2024-01-29,Food & Beverage,North,54,39.81,2149.74,504.97,23.5
2024-01-29,Books,North,59,31.52,1859.68,677.38,36.4
2024-01-30,Clothing,East,15,85.94,1289.1,586.83,45.5
2024-01-30,Clothing,North,58,93.02,5395.16,1671.72,31.0
2024-01-30,Sports,North,38,128.08,4867.04,1198.67,24.6
2024-01-30,Food & Beverage,East,48,24.88,1194.24,262.92,22.0
2024-01-30,Books,East,34,25.26,858.84,268.54,31.3
2024-01-30,Clothing,East,59,106.67,6293.53,2646.19,42.0
2024-01-31,Food & Beverage,East,52,10.69,555.88,207.11,37.3
2024-01-31,Clothing,South,56,77.41,4334.96,2031.37,46.9
2024-01-31,Sports,East,6,221.57,1329.42,296.17,22.3
2024-01-31,Books,North,30,22.76,682.8,288.33,42.2
2024-01-31,Food & Beverage,West,53,33.73,1787.69,454.6,25.4
2024-01-31,Clothing,West,2,80.05,160.1,85.78,53.6
2024-01-31,Food & Beverage,South,42,7.06,296.52,102.23,34.5
2024-01-31,Food & Beverage,West,8,11.29,90.32,33.35,36.9
2024-01-31,Food & Beverage,West,8,9.37,74.96,26.79,35.7
2024-01-31,Clothing,West,30,53.96,1618.8,869.85,53.7
2024-02-01,Books,West,38,31.75,1206.5,344.5,28.6
2024-02-01,Sports,North,54,124.29,6711.66,2024.39,30.2
2024-02-01,Food & Beverage,North,45,24.92,1121.4,301.29,26.9
2024-02-01,Clothing,East,7,123.9,867.3,339.84,39.2
2024-02-01,Food & Beverage,North,26,20.03,520.78,194.58,37.4
2024-02-01,Sports,North,43,66.91,2877.13,1000.95,34.8
2024-02-01,Electronics,North,51,253.08,12907.08,3208.01,24.9
2024-02-01,Books,South,5,31.1,155.5,58.7,37.7
2024-02-01,Books,South,53,32.25,1709.25,556.48,32.6
2024-02-02,Books,North,18,40.79,734.22,207.99,28.3
2024-02-02,Clothing,East,52,34.99,1819.48,846.54,46.5
2024-02-02,Electronics,South,1,207.42,207.42,46.15,22.2
2024-02-02,Books,East,2,14.25,28.5,7.47,26.2
2024-02-02,Sports,North,48,36.16,1735.68,537.46,31.0
2024-02-03,Books,North,29,27.74,804.46,376.04,46.7
2024-02-03,Electronics,East,30,367.71,11031.3,1368.43,12.4
2024-02-03,Sports,West,28,143.5,4018.0,1277.94,31.8
2024-02-03,Sports,North,58,39.72,2303.76,787.1,34.2
2024-02-03,Electronics,South,18,307.99,5543.82,1087.13,19.6
2024-02-03,Food & Beverage,West,39,28.88,1126.32,304.94,27.1
2024-02-04,Sports,North,51,168.27,8581.77,3351.68,39.1
2024-02-04,Books,South,28,20.2,565.6,171.12,30.3
2024-02-04,Food & Beverage,West,26,23.72,616.72,122.74,19.9
2024-02-04,Sports,East,43,69.17,2974.31,1221.6,41.1
2024-02-04,Sports,North,6,195.18,1171.08,279.47,23.9
2024-02-04,Electronics,East,52,141.38,7351.76,939.54,12.8
2024-02-04,Books,East,43,12.51,537.93,178.23,33.1
2024-02-04,Sports,North,19,147.28,2798.32,812.43,29.0
2024-02-05,Books,South,10,26.11,261.1,78.74,30.2
2024-02-05,Electronics,East,55,329.31,18112.05,2443.95,13.5
2024-02-05,Food & Beverage,South,52,21.88,1137.76,332.45,29.2
2024-02-05,Books,North,39,43.39,1692.21,745.89,44.1
2024-02-05,Food & Beverage,North,12,19.89,238.68,79.36,33.2
2024-02-05,Food & Beverage,East,1,13.82,13.82,2.88,20.9
2024-02-05,Sports,North,10,176.38,1763.8,730.85,41.4
2024-02-05,Electronics,South,25,230.7,5767.5,947.7,16.4
2024-02-06,Food & Beverage,East,50,49.73,2486.5,744.07,29.9
2024-02-06,Electronics,South,11,357.18,3928.98,496.89,12.6
2024-02-06,Electronics,East,29,375.91,10901.39,1996.44,18.3
2024-02-06,Sports,West,18,58.8,1058.4,341.3,32.2
2024-02-06,Food & Beverage,West,8,17.75,142.0,44.83,31.6
2024-02-06,Sports,East,3,62.68,188.04,78.39,41.7
2024-02-07,Electronics,South,20,429.33,8586.6,1886.95,22.0
2024-02-07,Food & Beverage,East,21,10.92,229.32,64.09,27.9
2024-02-07,Sports,South,9,79.59,716.31,258.4,36.1
2024-02-07,Books,East,5,21.74,108.7,45.73,42.1
2024-02-08,Electronics,West,59,112.7,6649.3,1068.53,16.1
2024-02-08,Sports,West,46,135.23,6220.58,1728.72,27.8
2024-02-08,Sports,North,21,58.58,1230.18,503.79,41.0
2024-02-08,Sports,East,6,103.54,621.24,149.83,24.1
2024-02-08,Sports,West,34,34.16,1161.44,457.73,39.4
2024-02-08,Food & Beverage,South,22,36.05,793.1,154.87,19.5
2024-02-08,Electronics,South,58,365.41,21193.78,3510.6,16.6
2024-02-09,Clothing,South,7,27.34,191.38,66.85,34.9
2024-02-09,Books,South,49,29.06,1423.94,380.66,26.7
2024-02-09,Sports,West,49,121.47,5952.03,1999.25,33.6
2024-02-09,Books,East,56,41.02,2297.12,741.31,32.3
2024-02-09,Sports,North,31,114.54,3550.74,996.21,28.1
2024-02-09,Food & Beverage,North,23,32.0,736.0,178.17,24.2
2024-02-09,Sports,North,4,99.33,397.32,110.22,27.7
2024-02-09,Electronics,West,30,323.74,9712.2,2370.26,24.4
2024-02-09,Electronics,West,59,420.12,24787.08,5074.88,20.5
2024-02-09,Food & Beverage,West,33,11.79,389.07,74.85,19.2
2024-02-10,Food & Beverage,North,33,39.19,1293.27,242.91,18.8
2024-02-10,Sports,West,34,114.09,3879.06,976.55,25.2
2024-02-10,Food & Beverage,East,25,24.56,614.0,152.07,24.8
2024-02-10,Books,North,51,32.42,1653.42,540.62,32.7
2024-02-11,Electronics,West,19,185.84,3530.96,814.61,23.1
2024-02-11,Books,South,22,9.55,210.1,84.59,40.3
2024-02-11,Food & Beverage,East,42,38.25,1606.5,415.11,25.8
2024-02-11,Books,North,20,29.77,595.4,236.97,39.8
2024-02-11,Food & Beverage,South,43,32.96,1417.28,523.57,36.9
2024-02-11,Books,North,42,33.87,1422.54,522.0,36.7
2024-02-12,Food & Beverage,East,12,50.19,602.28,149.57,24.8
2024-02-12,Sports,South,15,180.0,2700.0,677.67,25.1
2024-02-12,Food & Beverage,North,33,45.64,1506.12,522.66,34.7
2024-02-12,Books,North,43,21.59,928.37,395.72,42.6
2024-02-13,Books,West,10,13.19,131.9,58.2,44.1
2024-02-13,Books,South,47,19.8,930.6,320.59,34.4
2024-02-13,Clothing,West,40,44.92,1796.8,875.28,48.7
2024-02-13,Sports,South,35,56.75,1986.25,820.56,41.3
2024-02-13,Sports,South,24,127.89,3069.36,1025.42,33.4
2024-02-14,Sports,East,50,93.17,4658.5,1516.3,32.5
2024-02-14,Clothing,South,52,70.64,3673.28,1903.68,51.8
2024-02-14,Electronics,West,56,235.91,13210.96,3189.89,24.1
2024-02-14,Books,North,19,12.29,233.51,66.99,28.7
2024-02-14,Sports,South,54,88.87,4798.98,1964.14,40.9
2024-02-14,Clothing,West,57,51.71,2947.47,903.89,30.7
2024-02-14,Electronics,West,33,237.06,7822.98,1331.48,17.0
2024-02-15,Food & Beverage,South,2,17.41,34.82,6.96,20.0
2024-02-15,Food & Beverage,South,9,6.05,54.45,19.79,36.3
2024-02-15,Sports,South,49,132.3,6482.7,2007.82,31.0
2024-02-15,Electronics,North,2,215.61,431.22,98.55,22.9
2024-02-16,Books,West,8,32.84,262.72,80.04,30.5
2024-02-16,Electronics,North,16,294.78,4716.48,1052.75,22.3
2024-02-16,Sports,North,8,196.19,1569.52,502.19,32.0
2024-02-16,Books,North,41,28.17,1154.97,353.01,30.6
2024-02-16,Clothing,East,28,15.92,445.76,173.05,38.8
2024-02-16,Books,West,12,29.26,351.12,94.69,27.0
2024-02-16,Food & Beverage,North,34,33.91,1152.94,388.87,33.7
2024-02-16,Books,North,25,41.34,1033.5,268.72,26.0
2024-02-17,Food & Beverage,East,48,6.02,288.96,97.58,33.8
2024-02-17,Food & Beverage,South,47,31.11,1462.17,293.51,20.1
2024-02-17,Books,East,9,9.89,89.01,33.43,37.6
2024-02-17,Clothing,West,45,65.25,2936.25,1014.68,34.6
2024-02-17,Clothing,North,46,110.97,5104.62,2115.46,41.4
2024-02-17,Food & Beverage,South,3,36.54,109.62,39.15,35.7
2024-02-17,Food & Beverage,East,33,24.07,794.31,272.51,34.3
2024-02-18,Food & Beverage,North,49,39.23,1922.27,456.01,23.7
2024-02-18,Electronics,East,18,138.89,2500.02,419.61,16.8
2024-02-18,Sports,West,58,192.17,11145.86,3207.86,28.8
2024-02-18,Clothing,West,45,67.24,3025.8,1606.93,53.1
2024-02-18,Books,East,52,11.18,581.36,202.1,34.8
2024-02-18,Sports,South,35,65.59,2295.65,552.15,24.1
2024-02-18,Food & Beverage,East,20,26.32,526.4,170.31,32.4
2024-02-19,Sports,East,29,29.01,841.29,331.47,39.4
2024-02-19,Food & Beverage,West,18,33.78,608.04,205.7,33.8
2024-02-19,Electronics,North,43,399.92,17196.56,2875.79,16.7
2024-02-19,Clothing,North,10,119.73,1197.3,562.16,47.0
2024-02-19,Sports,North,9,36.92,332.28,124.84,37.6
2024-02-20,Food & Beverage,West,37,6.46,239.02,50.36,21.1
2024-02-20,Sports,East,24,104.9,2517.6,592.59,23.5
2024-02-20,Clothing,East,26,50.41,1310.66,484.51,37.0
2024-02-20,Electronics,North,48,181.86,8729.28,1635.05,18.7
2024-02-20,Books,North,17,37.72,641.24,264.15,41.2
2024-02-20,Clothing,East,45,116.79,5255.55,2222.05,42.3
2024-02-21,Clothing,North,29,38.1,1104.9,528.52,47.8
2024-02-21,Electronics,East,43,237.21,10200.03,1310.11,12.8
2024-02-21,Books,East,58,18.48,1071.84,306.79,28.6
2024-02-21,Clothing,East,33,40.47,1335.51,729.57,54.6
2024-02-22,Clothing,South,51,60.19,3069.69,1197.87,39.0
2024-02-22,Books,East,30,35.4,1062.0,400.25,37.7
2024-02-22,Books,North,5,20.58,102.9,49.38,48.0
2024-02-22,Sports,West,50,93.7,4685.0,1569.38,33.5
2024-02-22,Clothing,East,42,23.93,1005.06,418.57,41.6
2024-02-22,Books,East,9,37.9,341.1,146.49,42.9
2024-02-22,Books,South,50,35.03,1751.5,612.15,35.0
2024-02-22,Electronics,North,34,165.91,5640.94,797.66,14.1
2024-02-22,Food & Beverage,South,23,42.87,986.01,279.81,28.4
2024-02-22,Food & Beverage,North,17,15.91,270.47,100.42,37.1
2024-02-23,Clothing,East,40,74.57,2982.8,1269.61,42.6
2024-02-23,Clothing,South,11,75.75,833.25,400.09,48.0
2024-02-23,Books,East,54,39.44,2129.76,552.62,25.9
2024-02-23,Electronics,North,3,550.15,1650.45,363.48,22.0
2024-02-23,Food & Beverage,South,50,27.67,1383.5,420.06,30.4
2024-02-23,Electronics,West,57,343.41,19574.37,3086.04,15.8
2024-02-24,Sports,South,52,148.79,7737.08,2330.55,30.1
2024-02-24,Sports,North,45,35.4,1593.0,490.52,30.8
2024-02-24,Sports,West,14,81.23,1137.22,282.86,24.9
2024-02-24,Food & Beverage,East,26,11.43,297.18,75.52,25.4
2024-02-24,Books,North,21,18.1,380.1,105.74,27.8
2024-02-24,Sports,South,10,33.68,336.8,93.64,27.8
2024-02-25,Books,West,16,38.81,620.96,284.11,45.8
2024-02-25,Food & Beverage,East,13,41.31,537.03,150.18,28.0
2024-02-25,Books,West,32,36.13,1156.16,421.3,36.4
2024-02-25,Electronics,West,33,272.04,8977.32,1358.22,15.1
2024-02-25,Books,East,4,10.1,40.4,14.7,36.4
2024-02-25,Sports,East,35,22.55,789.25,190.6,24.1
2024-02-25,Clothing,East,47,56.08,2635.76,1056.45,40.1
2024-02-26,Sports,North,37,139.3,5154.1,1507.6,29.3
2024-02-26,Food & Beverage,North,25,31.85,796.25,265.06,33.3
2024-02-26,Food & Beverage,North,9,56.21,505.89,130.91,25.9
2024-02-26,Food & Beverage,East,49,12.07,591.43,177.72,30.0
2024-02-27,Books,North,3,10.63,31.89,13.21,41.4
2024-02-27,Sports,West,10,129.13,1291.3,417.22,32.3
2024-02-27,Food & Beverage,East,11,23.82,262.02,79.47,30.3
2024-02-27,Food & Beverage,East,33,44.39,1464.87,419.64,28.6
2024-02-27,Books,East,31,35.81,1110.11,371.58,33.5
2024-02-27,Electronics,West,38,209.22,7950.36,1882.96,23.7
2024-02-27,Electronics,West,17,486.17,8264.89,1832.97,22.2
2024-02-28,Books,South,47,8.68,407.96,147.07,36.1
2024-02-28,Books,West,10,34.29,342.9,104.83,30.6
2024-02-28,Books,North,13,9.9,128.7,41.46,32.2
2024-02-28,Clothing,West,45,36.41,1638.45,697.09,42.5
2024-02-28,Books,West,56,35.15,1968.4,821.42,41.7
2024-02-28,Clothing,South,36,44.22,1591.92,741.13,46.6
2024-02-28,Books,West,21,38.61,810.81,288.42,35.6
2024-02-28,Books,East,35,20.3,710.5,303.78,42.8
2024-02-28,Food & Beverage,West,13,48.08,625.04,147.39,23.6
2024-02-28,Food & Beverage,South,20,35.73,714.6,229.37,32.1
2024-02-29,Sports,East,31,86.92,2694.52,1095.97,40.7
2024-02-29,Food & Beverage,East,8,32.35,258.8,74.7,28.9
2024-02-29,Sports,East,50,173.07,8653.5,2406.46,27.8
2024-02-29,Food & Beverage,North,23,53.57,1232.11,383.43,31.1
2024-02-29,Sports,South,13,152.13,1977.69,542.34,27.4
2024-02-29,Books,East,9,12.07,108.63,45.67,42.0
2024-02-29,Clothing,South,4,76.8,307.2,132.94,43.3
2024-02-29,Clothing,North,7,67.16,470.12,225.35,47.9
2024-02-29,Electronics,South,1,436.59,436.59,107.89,24.7
2024-03-01,Sports,West,31,137.1,4250.1,1577.56,37.1
2024-03-01,Food & Beverage,East,19,35.77,679.63,245.75,36.2
2024-03-01,Electronics,South,35,351.22,12292.7,2834.0,23.1
2024-03-01,Electronics,South,27,405.49,10948.23,1563.98,14.3
2024-03-01,Electronics,West,51,288.06,14691.06,3551.7,24.2
2024-03-02,Food & Beverage,North,1,21.19,21.19,6.37,30.1
2024-03-02,Food & Beverage,East,30,51.98,1559.4,450.14,28.9
2024-03-02,Sports,South,55,99.68,5482.4,1505.29,27.5
2024-03-02,Electronics,East,11,406.42,4470.62,913.25,20.4
2024-03-02,Clothing,North,48,57.96,2782.08,1039.82,37.4
2024-03-02,Clothing,South,40,94.41,3776.4,1979.82,52.4
2024-03-02,Sports,East,6,96.76,580.56,138.8,23.9
2024-03-02,Clothing,West,21,113.26,2378.46,717.6,30.2
2024-03-02,Sports,South,29,140.11,4063.19,1669.19,41.1
2024-03-02,Food & Beverage,North,17,39.58,672.86,214.34,31.9
2024-03-03,Electronics,West,20,147.08,2941.6,615.35,20.9
2024-03-03,Food & Beverage,North,41,53.16,2179.56,520.93,23.9
2024-03-03,Books,South,15,34.77,521.55,187.75,36.0
2024-03-03,Sports,East,27,153.67,4149.09,1670.26,40.3
2024-03-04,Books,South,49,14.33,702.17,297.43,42.4
2024-03-04,Electronics,West,34,375.58,12769.72,1662.02,13.0
2024-03-04,Books,North,4,39.7,158.8,72.68,45.8
2024-03-04,Clothing,South,11,44.51,489.61,210.57,43.0
2024-03-04,Electronics,South,46,292.43,13451.78,1773.25,13.2
2024-03-04,Books,West,52,9.78,508.56,142.57,28.0
2024-03-04,Sports,West,37,30.39,1124.43,351.36,31.2
2024-03-04,Food & Beverage,North,26,18.92,491.92,88.84,18.1
2024-03-04,Clothing,North,3,68.41,205.23,97.5,47.5
2024-03-04,Books,North,60,42.11,2526.6,1204.71,47.7
2024-03-05,Electronics,East,27,163.37,4410.99,606.98,13.8
2024-03-05,Sports,East,58,93.29,5410.82,2131.45,39.4
2024-03-05,Sports,West,6,142.89,857.34,302.09,35.2
2024-03-05,Books,South,42,31.98,1343.16,372.44,27.7
2024-03-05,Books,West,34,12.08,410.72,195.14,47.5
2024-03-05,Electronics,North,20,315.63,6312.6,1347.63,21.3
2024-03-05,Sports,West,53,61.34,3251.02,1014.72,31.2
2024-03-06,Food & Beverage,South,60,39.95,2397.0,798.44,33.3
2024-03-06,Electronics,West,40,401.74,16069.6,3774.56,23.5
2024-03-06,Electronics,South,14,97.44,1364.16,269.03,19.7
2024-03-06,Sports,North,16,176.29,2820.64,847.47,30.0
2024-03-06,Clothing,South,49,95.12,4660.88,1464.03,31.4
2024-03-07,Food & Beverage,South,53,41.61,2205.33,651.06,29.5
2024-03-07,Books,East,16,18.54,296.64,83.93,28.3
2024-03-07,Books,South,27,15.85,427.95,112.99,26.4
2024-03-07,Books,South,41,26.75,1096.75,414.4,37.8
2024-03-07,Electronics,East,42,380.06,15962.52,3546.15,22.2
2024-03-07,Food & Beverage,West,27,11.71,316.17,80.72,25.5
2024-03-07,Books,West,16,35.18,562.88,179.65,31.9
2024-03-07,Clothing,West,59,21.05,1241.95,500.72,40.3
2024-03-08,Books,South,25,14.19,354.75,105.28,29.7
2024-03-08,Electronics,West,55,235.85,12971.75,2459.87,19.0
2024-03-08,Clothing,North,18,62.79,1130.22,510.0,45.1
2024-03-08,Electronics,North,13,480.65,6248.45,1227.11,19.6
2024-03-08,Books,South,31,13.22,409.82,187.95,45.9
2024-03-08,Food & Beverage,North,14,54.25,759.5,282.85,37.2
2024-03-08,Electronics,West,59,181.89,10731.51,2130.98,19.9
2024-03-09,Sports,South,36,70.1,2523.6,698.06,27.7
2024-03-09,Sports,East,20,70.44,1408.8,454.43,32.3
2024-03-09,Sports,West,7,164.51,1151.57,419.73,36.4
2024-03-09,Food & Beverage,South,24,17.17,412.08,77.94,18.9
2024-03-09,Clothing,South,2,38.14,76.28,40.71,53.4
2024-03-10,Sports,East,10,58.08,580.8,154.49,26.6
2024-03-10,Books,South,32,23.06,737.92,344.61,46.7
2024-03-10,Food & Beverage,East,49,44.07,2159.43,806.12,37.3
2024-03-10,Sports,West,11,151.9,1670.9,485.29,29.0
2024-03-10,Clothing,West,12,111.27,1335.24,581.54,43.6
2024-03-10,Electronics,North,54,500.95,27051.3,6570.07,24.3
2024-03-10,Electronics,North,27,158.41,4277.07,863.93,20.2
2024-03-10,Electronics,South,1,154.68,154.68,27.73,17.9
2024-03-11,Books,West,43,23.61,1015.23,255.35,25.2
2024-03-11,Books,West,1,8.54,8.54,3.55,41.6
2024-03-11,Books,East,2,25.27,50.54,20.75,41.1
2024-03-11,Sports,South,7,166.72,1167.04,379.14,32.5
2024-03-12,Clothing,East,53,54.83,2905.99,1449.32,49.9
2024-03-12,Electronics,East,26,286.42,7446.92,1129.08,15.2
2024-03-12,Clothing,East,44,107.04,4709.76,1507.85,32.0
2024-03-12,Electronics,North,26,275.18,7154.68,1372.63,19.2
2024-03-12,Electronics,North,45,174.78,7865.1,1454.9,18.5
2024-03-13,Food & Beverage,North,58,33.08,1918.64,361.68,18.9
2024-03-13,Clothing,West,18,19.89,358.02,114.06,31.9
2024-03-13,Food & Beverage,North,12,53.81,645.72,156.84,24.3
2024-03-13,Clothing,South,49,91.06,4461.94,2254.29,50.5
2024-03-13,Electronics,East,11,332.71,3659.81,708.8,19.4
2024-03-13,Sports,East,25,163.81,4095.25,1015.58,24.8
2024-03-13,Electronics,East,4,127.08,508.32,76.34,15.0
2024-03-14,Food & Beverage,West,50,19.69,984.5,302.07,30.7
2024-03-14,Sports,West,15,84.05,1260.75,514.67,40.8
2024-03-14,Sports,South,44,112.91,4968.04,1470.61,29.6
2024-03-14,Books,East,52,16.68,867.36,231.5,26.7
2024-03-15,Clothing,West,46,97.31,4476.26,1515.52,33.9
2024-03-15,Sports,East,24,41.14,987.36,218.25,22.1
2024-03-15,Food & Beverage,West,24,39.26,942.24,188.87,20.0
2024-03-15,Electronics,South,28,241.66,6766.48,1299.95,19.2
2024-03-15,Sports,North,2,41.55,83.1,27.49,33.1
2024-03-15,Books,East,56,21.34,1195.04,378.98,31.7
2024-03-16,Electronics,South,37,268.98,9952.26,2080.93,20.9
2024-03-16,Clothing,South,18,41.96,755.28,319.7,42.3
2024-03-16,Electronics,South,28,176.31,4936.68,784.77,15.9
2024-03-16,Electronics,East,17,500.4,8506.8,1818.05,21.4
2024-03-16,Sports,South,30,35.33,1059.9,297.76,28.1
2024-03-16,Sports,East,54,138.22,7463.88,2842.36,38.1
2024-03-16,Food & Beverage,West,22,24.38,536.36,184.89,34.5
2024-03-17,Books,South,20,16.44,328.8,153.84,46.8
2024-03-17,Clothing,West,21,33.65,706.65,282.35,40.0
2024-03-17,Food & Beverage,East,48,38.09,1828.32,508.64,27.8
2024-03-17,Books,South,21,18.03,378.63,165.76,43.8
2024-03-17,Sports,East,8,197.16,1577.28,410.03,26.0
2024-03-17,Books,South,44,29.31,1289.64,330.39,25.6
2024-03-17,Sports,South,29,147.23,4269.67,1649.19,38.6
2024-03-17,Electronics,West,44,289.71,12747.24,2579.2,20.2
2024-03-17,Clothing,East,43,32.74,1407.82,571.27,40.6
2024-03-18,Electronics,West,39,281.28,10969.92,1887.97,17.2
2024-03-18,Books,West,35,9.18,321.3,151.89,47.3
2024-03-18,Books,North,7,37.5,262.5,105.33,40.1
2024-03-18,Food & Beverage,South,42,29.31,1231.02,360.25,29.3
2024-03-18,Sports,East,51,102.36,5220.36,1159.49,22.2
2024-03-18,Food & Beverage,South,33,34.75,1146.75,334.39,29.2
2024-03-18,Books,South,29,17.97,521.13,185.79,35.7
2024-03-19,Books,South,23,35.93,826.39,298.36,36.1
2024-03-19,Food & Beverage,West,59,48.28,2848.52,578.86,20.3
2024-03-19,Clothing,East,20,53.57,1071.4,531.49,49.6
2024-03-19,Books,West,23,23.24,534.52,187.5,35.1
2024-03-19,Sports,East,5,77.75,388.75,148.52,38.2
2024-03-19,Electronics,North,55,257.71,14174.05,1902.4,13.4
2024-03-19,Clothing,South,34,29.99,1019.66,346.72,34.0
2024-03-19,Books,West,30,15.42,462.6,158.75,34.3
2024-03-19,Clothing,South,41,75.62,3100.42,1236.74,39.9
2024-03-20,Books,South,29,24.26,703.54,238.8,33.9
2024-03-20,Clothing,South,18,84.59,1522.62,764.63,50.2
2024-03-20,Electronics,North,52,513.17,26684.84,3850.75,14.4
2024-03-20,Food & Beverage,South,30,9.12,273.6,85.95,31.4
2024-03-20,Sports,East,39,94.45,3683.55,1099.57,29.9
2024-03-20,Electronics,East,23,456.87,10508.01,2104.3,20.0
2024-03-20,Food & Beverage,North,44,12.68,557.92,113.58,20.4
2024-03-20,Food & Beverage,North,12,25.07,300.84,62.66,20.8
2024-03-20,Sports,West,39,44.82,1747.98,518.7,29.7
2024-03-21,Sports,South,36,45.03,1621.08,450.28,27.8
2024-03-21,Clothing,East,54,65.47,3535.38,1108.0,31.3
2024-03-21,Food & Beverage,North,32,12.82,410.24,140.73,34.3
2024-03-21,Books,West,27,29.91,807.57,279.09,34.6
2024-03-21,Sports,West,11,34.88,383.68,86.78,22.6
2024-03-22,Clothing,East,3,46.05,138.15,60.01,43.4
2024-03-22,Clothing,West,37,92.96,3439.52,1690.45,49.1
2024-03-22,Books,North,37,13.4,495.8,212.34,42.8
2024-03-22,Food & Beverage,North,49,42.96,2105.04,608.93,28.9
2024-03-22,Sports,North,48,194.82,9351.36,3462.52,37.0
2024-03-22,Food & Beverage,North,29,19.35,561.15,197.77,35.2
2024-03-22,Electronics,West,56,497.46,27857.76,6151.89,22.1
2024-03-22,Clothing,South,52,83.2,4326.4,2043.29,47.2
2024-03-22,Books,West,11,27.72,304.92,131.27,43.1
2024-03-22,Clothing,North,37,59.61,2205.57,816.66,37.0
2024-03-23,Clothing,East,46,48.01,2208.46,978.75,44.3
2024-03-23,Books,North,9,44.63,401.67,173.0,43.1
2024-03-23,Electronics,East,56,373.25,20902.0,4414.2,21.1
2024-03-23,Clothing,South,10,80.73,807.3,409.4,50.7
2024-03-23,Sports,West,10,123.94,1239.4,339.28,27.4
2024-03-23,Sports,West,29,33.59,974.11,369.11,37.9
2024-03-23,Electronics,West,33,394.92,13032.36,2740.85,21.0
2024-03-23,Food & Beverage,West,32,19.73,631.36,113.96,18.0
2024-03-24,Electronics,West,41,358.94,14716.54,2451.32,16.7
2024-03-24,Electronics,West,14,486.61,6812.54,1548.01,22.7
2024-03-24,Sports,East,21,177.56,3728.76,1072.21,28.8
2024-03-24,Books,South,37,31.75,1174.75,506.68,43.1
2024-03-24,Electronics,North,7,394.44,2761.08,631.66,22.9
2024-03-24,Electronics,North,60,506.25,30375.0,5387.53,17.7
2024-03-24,Electronics,West,13,498.19,6476.47,1542.84,23.8
2024-03-24,Food & Beverage,South,56,42.28,2367.68,555.94,23.5
2024-03-24,Food & Beverage,East,6,22.82,136.92,49.4,36.1
2024-03-24,Clothing,North,26,92.79,2412.54,1161.63,48.1
2024-03-25,Clothing,West,42,24.58,1032.36,334.27,32.4
2024-03-25,Clothing,West,5,28.93,144.65,51.57,35.7
2024-03-25,Sports,North,1,166.99,166.99,64.03,38.3
2024-03-25,Sports,South,31,29.47,913.57,270.98,29.7
2024-03-25,Electronics,North,21,269.53,5660.13,899.41,15.9
2024-03-25,Sports,South,42,178.86,7512.12,1867.29,24.9
2024-03-25,Books,North,40,33.12,1324.8,465.3,35.1
2024-03-25,Clothing,South,59,52.41,3092.19,1458.41,47.2
2024-03-25,Clothing,North,58,29.38,1704.04,831.76,48.8
2024-03-25,Books,West,23,38.82,892.86,287.8,32.2
2024-03-26,Clothing,East,42,25.04,1051.68,461.0,43.8
2024-03-26,Books,East,50,40.03,2001.5,512.72,25.6
2024-03-26,Food & Beverage,South,34,29.08,988.72,215.27,21.8
2024-03-26,Sports,East,42,31.31,1315.02,525.46,40.0
2024-03-26,Clothing,West,25,26.84,671.0,285.1,42.5
2024-03-27,Electronics,North,24,543.09,13034.16,1787.74,13.7
2024-03-27,Books,West,24,25.48,611.52,177.18,29.0
2024-03-27,Sports,North,2,144.58,289.16,64.41,22.3
2024-03-27,Clothing,North,60,24.55,1473.0,732.56,49.7
2024-03-27,Books,East,41,32.34,1325.94,565.43,42.6
2024-03-27,Sports,West,6,135.3,811.8,265.89,32.8
2024-03-27,Clothing,East,6,49.92,299.52,128.14,42.8
2024-03-27,Clothing,South,35,44.38,1553.3,693.72,44.7
2024-03-28,Electronics,East,45,276.93,12461.85,3040.01,24.4
2024-03-28,Clothing,North,16,27.66,442.56,180.84,40.9
2024-03-28,Sports,North,20,160.88,3217.6,1131.34,35.2
2024-03-28,Clothing,North,1,102.73,102.73,48.84,47.5
2024-03-28,Clothing,West,23,69.92,1608.16,797.24,49.6
2024-03-28,Food & Beverage,South,24,9.64,231.36,77.79,33.6
2024-03-28,Food & Beverage,North,50,52.32,2616.0,646.16,24.7
2024-03-28,Sports,East,34,33.07,1124.38,407.55,36.2
2024-03-28,Books,North,32,25.95,830.4,276.38,33.3
2024-03-28,Sports,South,24,43.48,1043.52,390.97,37.5
2024-03-29,Electronics,South,48,264.34,12688.32,1595.24,12.6
2024-03-29,Electronics,South,3,250.33,750.99,127.51,17.0
2024-03-29,Clothing,South,60,104.25,6255.0,1931.8,30.9
2024-03-29,Sports,South,21,58.22,1222.62,492.92,40.3
2024-03-29,Food & Beverage,East,53,8.93,473.29,120.48,25.5
2024-03-29,Books,North,12,17.41,208.92,77.01,36.9
2024-03-29,Electronics,West,5,448.34,2241.7,521.38,23.3
2024-03-29,Food & Beverage,East,6,31.38,188.28,34.19,18.2
2024-03-30,Food & Beverage,East,48,34.67,1664.16,453.96,27.3
2024-03-30,Books,West,50,32.83,1641.5,686.91,41.8
2024-03-30,Books,South,10,7.38,73.8,25.41,34.4
2024-03-30,Clothing,East,41,108.31,4440.71,2306.06,51.9
2024-03-30,Food & Beverage,North,49,39.77,1948.73,681.67,35.0
2024-03-31,Food & Beverage,North,14,33.17,464.38,105.71,22.8
2024-03-31,Sports,North,10,170.31,1703.1,406.37,23.9
2024-03-31,Clothing,West,45,109.04,4906.8,2034.43,41.5
2024-03-31,Electronics,North,33,156.49,5164.17,1170.18,22.7
2024-03-31,Electronics,North,28,411.96,11534.88,1580.19,13.7
2024-03-31,Food & Beverage,East,55,20.13,1107.15,376.61,34.0
2024-03-31,Food & Beverage,East,29,18.1,524.9,102.32,19.5
2024-03-31,Clothing,South,50,86.28,4314.0,1411.73,32.7
2024-03-31,Electronics,South,29,248.17,7196.93,1243.97,17.3
2024-04-01,Food & Beverage,South,29,16.99,492.71,114.8,23.3
2024-04-01,Electronics,North,11,482.07,5302.77,846.05,16.0
2024-04-01,Books,North,14,39.96,559.44,182.04,32.5
2024-04-01,Electronics,South,23,221.78,5100.94,644.57,12.6
2024-04-01,Food & Beverage,East,53,52.06,2759.18,513.8,18.6
2024-04-01,Sports,West,36,154.65,5567.4,1503.03,27.0
2024-04-01,Sports,North,52,187.32,9740.64,2379.55,24.4
2024-04-01,Electronics,South,9,146.89,1322.01,227.49,17.2
2024-04-02,Electronics,East,59,442.42,26102.78,3206.31,12.3
2024-04-02,Electronics,South,58,316.18,18338.44,4129.98,22.5
2024-04-02,Electronics,East,8,102.83,822.64,148.02,18.0
2024-04-02,Clothing,West,53,91.07,4826.71,2046.68,42.4
2024-04-02,Sports,West,12,83.71,1004.52,403.48,40.2
2024-04-02,Food & Beverage,East,29,46.99,1362.71,254.73,18.7
2024-04-02,Books,South,42,15.7,659.4,227.33,34.5
2024-04-02,Books,West,4,10.81,43.24,14.62,33.8
2024-04-02,Sports,South,42,161.31,6775.02,2202.98,32.5
2024-04-03,Books,North,25,37.97,949.25,315.72,33.3
2024-04-03,Books,West,23,37.21,855.83,312.85,36.6
2024-04-03,Sports,East,12,25.93,311.16,105.61,33.9
2024-04-03,Electronics,East,4,440.62,1762.48,319.57,18.1
2024-04-03,Food & Beverage,South,11,8.56,94.16,29.32,31.1
2024-04-03,Food & Beverage,North,49,57.31,2808.19,628.7,22.4
2024-04-03,Sports,East,60,179.61,10776.6,4192.57,38.9
2024-04-03,Clothing,South,38,43.55,1654.9,801.84,48.5
2024-04-03,Food & Beverage,North,46,42.0,1932.0,713.9,37.0
2024-04-04,Clothing,South,54,106.87,5770.98,3003.26,52.0
2024-04-04,Sports,East,12,113.69,1364.28,324.77,23.8
2024-04-04,Clothing,South,2,63.25,126.5,37.97,30.0
2024-04-04,Books,South,52,10.96,569.92,236.46,41.5
2024-04-04,Food & Beverage,North,2,13.39,26.78,8.59,32.1
2024-04-04,Clothing,North,55,80.8,4444.0,1738.59,39.1
2024-04-04,Electronics,East,46,499.39,22971.94,3938.02,17.1
2024-04-04,Electronics,East,20,226.27,4525.4,1117.15,24.7
2024-04-05,Sports,West,42,77.11,3238.62,1170.56,36.1
2024-04-05,Books,East,15,30.76,461.4,201.78,43.7
2024-04-05,Sports,East,47,151.13,7103.11,1743.6,24.5
2024-04-05,Electronics,West,55,497.6,27368.0,6718.13,24.5
2024-04-05,Electronics,South,39,192.29,7499.31,1688.43,22.5
2024-04-05,Books,South,41,23.49,963.09,448.26,46.5
2024-04-05,Clothing,East,48,24.33,1167.84,451.61,38.7
2024-04-05,Food & Beverage,South,41,40.36,1654.76,327.22,19.8
2024-04-05,Food & Beverage,West,1,16.93,16.93,3.89,23.0
2024-04-06,Food & Beverage,East,51,10.35,527.85,95.15,18.0
2024-04-06,Sports,West,47,95.54,4490.38,1137.27,25.3
2024-04-06,Sports,West,57,88.17,5025.69,1654.48,32.9
2024-04-06,Electronics,West,51,442.9,22587.9,4622.07,20.5
2024-04-07,Clothing,South,29,20.47,593.63,303.61,51.1
2024-04-07,Food & Beverage,North,21,19.26,404.46,81.27,20.1
2024-04-07,Food & Beverage,South,57,19.71,1123.47,366.7,32.6
2024-04-07,Books,North,22,31.06,683.32,267.27,39.1
2024-04-07,Sports,North,28,218.09,6106.52,1544.95,25.3
2024-04-07,Sports,South,4,34.4,137.6,35.93,26.1
2024-04-07,Clothing,West,45,73.18,3293.1,1749.93,53.1
2024-04-07,Books,East,43,17.86,767.98,233.95,30.5
2024-04-07,Electronics,West,37,310.86,11501.82,2114.3,18.4
2024-04-08,Food & Beverage,North,28,10.28,287.84,99.24,34.5
2024-04-08,Books,West,13,11.1,144.3,42.94,29.8
2024-04-08,Food & Beverage,North,31,49.42,1532.02,370.24,24.2
2024-04-08,Sports,West,32,181.08,5794.56,1581.92,27.3
2024-04-09,Books,West,12,19.87,238.44,80.53,33.8
2024-04-09,Clothing,West,3,42.65,127.95,53.26,41.6
2024-04-09,Clothing,East,37,22.55,834.35,407.21,48.8
2024-04-09,Electronics,North,43,258.05,11096.15,2112.58,19.0
2024-04-09,Books,South,36,8.96,322.56,109.36,33.9
2024-04-09,Books,West,35,29.99,1049.65,488.47,46.5
2024-04-09,Books,South,31,15.81,490.11,167.03,34.1
2024-04-09,Electronics,South,8,430.82,3446.56,614.78,17.8
2024-04-09,Clothing,South,52,31.71,1648.92,512.27,31.1
2024-04-10,Sports,South,53,119.61,6339.33,2452.19,38.7
2024-04-10,Food & Beverage,East,59,39.61,2336.99,798.01,34.1
2024-04-10,Electronics,West,36,246.89,8888.04,1443.39,16.2
2024-04-10,Food & Beverage,West,59,44.31,2614.29,881.83,33.7
2024-04-11,Books,West,8,21.26,170.08,48.32,28.4
2024-04-11,Books,North,60,13.09,785.4,337.17,42.9
2024-04-11,Food & Beverage,East,57,24.66,1405.62,360.69,25.7
2024-04-11,Sports,West,3,51.0,153.0,45.99,30.1
2024-04-11,Books,West,3,20.67,62.01,28.04,45.2
2024-04-11,Clothing,North,48,74.63,3582.24,1315.21,36.7
2024-04-11,Food & Beverage,North,22,48.05,1057.1,254.35,24.1
2024-04-11,Food & Beverage,West,55,36.33,1998.15,398.92,20.0
2024-04-12,Clothing,South,20,105.56,2111.2,867.23,41.1
2024-04-12,Food & Beverage,East,47,24.94,1172.18,362.33,30.9
2024-04-12,Clothing,West,14,110.91,1552.74,623.88,40.2
2024-04-12,Sports,East,53,31.62,1675.86,633.97,37.8
2024-04-12,Electronics,East,46,307.5,14145.0,1946.84,13.8
2024-04-12,Books,North,12,16.29,195.48,86.32,44.2
2024-04-12,Electronics,South,3,244.54,733.62,175.59,23.9
2024-04-12,Clothing,East,24,106.54,2556.96,1089.98,42.6
2024-04-12,Electronics,North,16,271.9,4350.4,858.01,19.7
2024-04-12,Clothing,West,38,72.89,2769.82,1069.32,38.6
2024-04-13,Food & Beverage,North,19,7.17,136.23,25.87,19.0
2024-04-13,Books,South,55,13.57,746.35,225.23,30.2
2024-04-13,Clothing,East,42,60.9,2557.8,780.16,30.5
2024-04-13,Electronics,West,59,135.57,7998.63,1139.93,14.3
2024-04-13,Electronics,South,17,301.95,5133.15,1245.25,24.3
2024-04-13,Food & Beverage,West,58,21.94,1272.52,317.8,25.0
2024-04-13,Food & Beverage,South,30,16.74,502.2,142.69,28.4
2024-04-13,Books,West,38,11.27,428.26,157.45,36.8
2024-04-13,Food & Beverage,East,20,37.59,751.8,207.76,27.6
2024-04-13,Food & Beverage,East,41,20.61,845.01,198.9,23.5
2024-04-14,Food & Beverage,South,10,25.45,254.5,58.04,22.8
2024-04-14,Electronics,West,43,214.23,9211.89,1273.0,13.8
2024-04-14,Electronics,West,19,188.96,3590.24,626.19,17.4
2024-04-14,Sports,North,38,169.57,6443.66,2154.81,33.4
2024-04-14,Clothing,East,47,94.4,4436.8,2092.3,47.2
2024-04-14,Sports,East,33,77.74,2565.42,651.61,25.4
2024-04-14,Books,South,19,10.01,190.19,53.14,27.9
2024-04-14,Food & Beverage,South,44,40.93,1800.92,559.88,31.1
2024-04-14,Clothing,East,15,97.8,1467.0,552.72,37.7
2024-04-15,Food & Beverage,East,17,32.92,559.64,152.64,27.3
2024-04-15,Electronics,West,4,443.89,1775.56,347.77,19.6
2024-04-15,Books,North,31,41.93,1299.83,474.58,36.5
2024-04-15,Sports,East,27,31.22,842.94,329.46,39.1
2024-04-15,Clothing,South,22,52.17,1147.74,507.7,44.2
2024-04-15,Sports,South,21,157.71,3311.91,848.09,25.6
2024-04-15,Electronics,West,22,345.03,7590.66,1085.37,14.3
2024-04-15,Electronics,North,29,224.11,6499.19,1423.03,21.9
2024-04-15,Clothing,South,32,87.7,2806.4,1388.99,49.5
2024-04-15,Clothing,West,41,60.09,2463.69,1003.35,40.7
2024-04-16,Sports,North,3,133.49,400.47,146.62,36.6
2024-04-16,Electronics,East,49,451.45,22121.05,3202.57,14.5
2024-04-16,Electronics,South,15,334.15,5012.25,825.85,16.5
2024-04-16,Clothing,North,25,78.03,1950.75,734.51,37.7
2024-04-16,Electronics,North,20,550.11,11002.2,1972.37,17.9
2024-04-16,Books,East,28,38.24,1070.72,512.83,47.9
2024-04-16,Food & Beverage,West,23,38.76,891.48,189.86,21.3
2024-04-17,Sports,North,15,69.43,1041.45,434.26,41.7
2024-04-17,Clothing,North,38,78.18,2970.84,982.73,33.1
2024-04-17,Electronics,West,57,348.93,19889.01,4380.8,22.0
2024-04-17,Books,North,39,45.8,1786.2,718.5,40.2
2024-04-17,Electronics,North,45,147.93,6656.85,1183.33,17.8
2024-04-17,Electronics,East,31,393.52,12199.12,1789.79,14.7
2024-04-17,Electronics,East,27,375.79,10146.33,2091.39,20.6
2024-04-17,Food & Beverage,South,27,38.14,1029.78,206.97,20.1
2024-04-17,Books,North,19,13.4,254.6,69.87,27.4
2024-04-17,Clothing,South,50,38.35,1917.5,826.03,43.1
2024-04-18,Food & Beverage,West,19,12.22,232.18,67.25,29.0
2024-04-18,Clothing,West,22,39.62,871.64,264.27,30.3
2024-04-18,Electronics,North,54,369.32,19943.28,3674.22,18.4
2024-04-18,Electronics,North,47,441.49,20750.03,4930.65,23.8
2024-04-18,Clothing,West,19,42.73,811.87,253.73,31.3
2024-04-19,Clothing,North,55,52.34,2878.7,1440.5,50.0
2024-04-19,Food & Beverage,West,48,10.22,490.56,171.82,35.0
2024-04-19,Electronics,North,55,158.84,8736.2,1783.37,20.4
2024-04-19,Food & Beverage,East,58,25.93,1503.94,457.74,30.4
2024-04-19,Electronics,East,53,235.14,12462.42,1679.91,13.5
2024-04-19,Sports,West,18,170.43,3067.74,1098.19,35.8
2024-04-19,Sports,West,42,179.5,7539.0,1910.05,25.3
2024-04-19,Clothing,North,55,36.5,2007.5,811.04,40.4
2024-04-19,Books,West,52,26.21,1362.92,478.08,35.1
2024-04-19,Books,West,50,19.48,974.0,249.96,25.7
2024-04-20,Clothing,West,59,66.25,3908.75,2039.97,52.2
2024-04-20,Sports,North,5,77.15,385.75,109.11,28.3
2024-04-20,Books,South,43,32.35,1391.05,513.84,36.9
2024-04-20,Books,North,28,33.55,939.4,288.56,30.7
2024-04-20,Food & Beverage,West,10,42.76,427.6,124.72,29.2
2024-04-20,Books,North,1,32.88,32.88,9.41,28.6
2024-04-20,Sports,West,56,49.77,2787.12,1032.03,37.0
2024-04-20,Food & Beverage,South,22,43.79,963.38,183.11,19.0
2024-04-20,Clothing,West,26,100.8,2620.8,837.89,32.0
2024-04-21,Books,West,6,35.41,212.46,74.96,35.3
2024-04-21,Electronics,West,48,354.42,17012.16,2268.46,13.3
2024-04-21,Sports,North,36,136.66,4919.76,1895.0,38.5
2024-04-21,Books,East,57,25.48,1452.36,432.19,29.8
2024-04-21,Sports,East,24,176.98,4247.52,1628.15,38.3
2024-04-21,Sports,East,36,166.04,5977.44,2032.27,34.0
2024-04-21,Food & Beverage,West,8,9.38,75.04,23.4,31.2
2024-04-22,Food & Beverage,East,54,35.19,1900.26,646.06,34.0
2024-04-22,Books,East,45,11.97,538.65,245.78,45.6
2024-04-22,Sports,South,53,134.13,7108.89,2589.85,36.4
2024-04-22,Electronics,East,40,170.4,6816.0,924.91,13.6
2024-04-23,Sports,South,30,151.58,4547.4,1173.76,25.8
2024-04-23,Food & Beverage,North,49,27.2,1332.8,486.91,36.5
2024-04-23,Books,North,50,42.02,2101.0,746.27,35.5
2024-04-23,Books,South,32,7.32,234.24,98.22,41.9
2024-04-23,Books,West,54,26.72,1442.88,667.48,46.3
2024-04-23,Clothing,South,47,90.54,4255.38,1386.78,32.6
2024-04-23,Books,East,33,38.01,1254.33,434.37,34.6
2024-04-23,Books,South,18,18.66,335.88,110.46,32.9
2024-04-23,Food & Beverage,West,52,11.0,572.0,150.18,26.3
2024-04-23,Books,East,54,31.97,1726.38,773.35,44.8
2024-04-24,Books,South,13,13.24,172.12,71.31,41.4
2024-04-24,Food & Beverage,South,46,30.83,1418.18,527.09,37.2
2024-04-24,Books,East,46,12.28,564.88,186.98,33.1
2024-04-24,Sports,West,44,154.62,6803.28,2641.56,38.8
2024-04-24,Food & Beverage,West,52,5.57,289.64,58.3,20.1
2024-04-24,Sports,South,4,126.58,506.32,131.63,26.0
2024-04-24,Clothing,East,44,43.37,1908.28,972.93,51.0
2024-04-24,Food & Beverage,South,49,26.42,1294.58,325.89,25.2
2024-04-24,Sports,North,40,202.68,8107.2,2982.63,36.8
2024-04-25,Clothing,West,16,68.65,1098.4,548.33,49.9
2024-04-25,Food & Beverage,North,60,25.5,1530.0,402.87,26.3
2024-04-25,Food & Beverage,North,1,44.23,44.23,9.76,22.1
2024-04-25,Sports,South,59,120.67,7119.53,2576.62,36.2
2024-04-25,Food & Beverage,South,50,33.86,1693.0,370.26,21.9
2024-04-25,Sports,South,44,30.06,1322.64,545.58,41.2
2024-04-25,Books,North,25,10.7,267.5,84.05,31.4
2024-04-25,Food & Beverage,South,11,28.15,309.65,71.53,23.1
2024-04-25,Food & Beverage,West,46,47.19,2170.74,408.07,18.8
2024-04-25,Food & Beverage,North,50,54.0,2700.0,818.43,30.3
2024-04-26,Food & Beverage,West,51,30.77,1569.27,394.86,25.2
2024-04-26,Food & Beverage,South,12,25.58,306.96,103.52,33.7
2024-04-26,Clothing,West,35,71.39,2498.65,807.03,32.3
2024-04-26,Clothing,South,43,44.86,1928.98,752.69,39.0
2024-04-26,Clothing,West,36,101.49,3653.64,1992.27,54.5
2024-04-26,Electronics,North,43,259.12,11142.16,1685.2,15.1
2024-04-26,Books,South,3,26.86,80.58,26.09,32.4
2024-04-26,Electronics,West,17,306.9,5217.3,817.9,15.7
2024-04-26,Books,East,33,35.37,1167.21,411.42,35.2
2024-04-27,Food & Beverage,South,21,25.31,531.51,196.47,37.0
2024-04-27,Clothing,North,41,25.16,1031.56,482.34,46.8
2024-04-27,Clothing,West,54,25.91,1399.14,607.84,43.4
2024-04-27,Sports,North,48,165.01,7920.48,1780.13,22.5
2024-04-28,Food & Beverage,North,6,9.54,57.24,12.34,21.6
2024-04-28,Food & Beverage,North,37,48.27,1785.99,646.88,36.2
2024-04-28,Sports,West,29,133.44,3869.76,1186.49,30.7
2024-04-28,Electronics,West,44,129.69,5706.36,689.14,12.1
2024-04-28,Books,North,49,36.65,1795.85,467.76,26.0
2024-04-28,Electronics,East,60,305.75,18345.0,2892.62,15.8
2024-04-28,Food & Beverage,North,19,45.35,861.65,230.52,26.8
2024-04-28,Sports,North,31,55.36,1716.16,453.02,26.4
2024-04-28,Sports,East,41,48.23,1977.43,702.89,35.5
2024-04-29,Food & Beverage,North,36,51.02,1836.72,382.54,20.8
2024-04-29,Electronics,North,37,380.18,14066.66,2670.27,19.0
2024-04-29,Electronics,East,14,414.0,5796.0,1376.32,23.7
2024-04-29,Food & Beverage,South,27,41.18,1111.86,389.48,35.0
2024-04-29,Clothing,South,12,34.36,412.32,209.74,50.9
2024-04-29,Clothing,North,12,98.27,1179.24,521.02,44.2
2024-04-29,Electronics,West,42,310.86,13056.12,2060.06,15.8
2024-04-29,Electronics,East,7,171.06,1197.42,234.07,19.5
2024-04-29,Food & Beverage,East,9,36.97,332.73,75.5,22.7
2024-04-29,Food & Beverage,North,58,15.76,914.08,253.36,27.7
2024-04-30,Books,East,45,28.03,1261.35,479.41,38.0
2024-04-30,Food & Beverage,East,28,13.22,370.16,89.82,24.3
2024-04-30,Clothing,West,18,103.21,1857.78,619.71,33.4
2024-04-30,Food & Beverage,West,30,25.04,751.2,251.62,33.5
2024-04-30,Sports,North,12,156.63,1879.56,444.32,23.6
2024-04-30,Food & Beverage,South,58,26.31,1525.98,355.01,23.3
2024-05-01,Electronics,North,58,101.0,5858.0,1089.2,18.6
2024-05-01,Electronics,West,50,327.82,16391.0,3898.1,23.8
2024-05-01,Books,East,35,38.44,1345.4,503.35,37.4
2024-05-01,Clothing,East,26,40.37,1049.62,517.5,49.3
2024-05-01,Food & Beverage,South,30,24.8,744.0,147.39,19.8
2024-05-01,Food & Beverage,North,43,18.11,778.73,290.31,37.3
2024-05-01,Books,South,49,22.01,1078.49,380.31,35.3
2024-05-01,Clothing,South,48,82.67,3968.16,2122.15,53.5
2024-05-01,Electronics,South,49,256.33,12560.17,1609.86,12.8
2024-05-02,Clothing,North,43,42.22,1815.46,956.62,52.7
2024-05-02,Food & Beverage,West,31,46.31,1435.61,511.52,35.6
2024-05-02,Electronics,East,7,394.35,2760.45,518.35,18.8
2024-05-02,Food & Beverage,East,38,30.97,1176.86,252.75,21.5
2024-05-02,Sports,East,38,144.48,5490.24,2125.24,38.7
2024-05-02,Books,East,25,41.08,1027.0,309.4,30.1
2024-05-03,Food & Beverage,East,32,42.7,1366.4,488.4,35.7
2024-05-03,Electronics,South,29,134.6,3903.4,507.53,13.0
2024-05-03,Food & Beverage,South,10,12.07,120.7,30.47,25.2
2024-05-03,Electronics,South,27,378.62,10222.74,2183.92,21.4
2024-05-03,Sports,West,31,57.93,1795.83,453.0,25.2
2024-05-03,Sports,North,16,31.93,510.88,170.99,33.5
2024-05-03,Clothing,South,41,61.94,2539.54,1327.42,52.3
2024-05-04,Electronics,South,17,420.68,7151.56,1338.51,18.7
2024-05-04,Sports,North,57,171.95,9801.15,3453.43,35.2
2024-05-04,Food & Beverage,North,14,29.0,406.0,153.69,37.9
2024-05-04,Sports,South,15,152.52,2287.8,778.24,34.0
2024-05-04,Books,South,40,26.2,1048.0,325.76,31.1
2024-05-05,Food & Beverage,West,39,31.58,1231.62,278.3,22.6
2024-05-05,Sports,South,7,20.68,144.76,46.98,32.5
2024-05-05,Books,West,53,12.79,677.87,184.48,27.2
2024-05-05,Sports,North,57,185.26,10559.82,3386.17,32.1
2024-05-05,Electronics,North,31,410.49,12725.19,3019.15,23.7
2024-05-05,Books,North,58,43.71,2535.18,1029.46,40.6
2024-05-05,Sports,West,24,177.47,4259.28,1531.33,36.0
2024-05-05,Sports,South,52,96.1,4997.2,1867.63,37.4
2024-05-05,Food & Beverage,North,28,12.68,355.04,97.79,27.5
2024-05-06,Electronics,East,39,470.65,18355.35,3177.75,17.3
2024-05-06,Clothing,North,46,107.05,4924.3,1486.05,30.2
2024-05-06,Books,North,34,9.46,321.64,128.83,40.1
2024-05-06,Food & Beverage,West,24,9.8,235.2,62.38,26.5
2024-05-06,Books,East,17,37.13,631.21,219.29,34.7
2024-05-07,Books,East,44,21.75,957.0,284.09,29.7
2024-05-07,Books,West,12,19.85,238.2,89.95,37.8
2024-05-07,Food & Beverage,East,37,21.52,796.24,255.67,32.1
2024-05-07,Clothing,North,48,44.99,2159.52,1070.64,49.6
2024-05-07,Clothing,North,14,78.63,1100.82,546.58,49.7
2024-05-07,Books,North,11,23.52,258.72,102.52,39.6
2024-05-08,Electronics,South,31,421.98,13081.38,2310.16,17.7
2024-05-08,Electronics,East,15,247.54,3713.1,739.55,19.9
2024-05-08,Sports,West,40,138.11,5524.4,1531.88,27.7
2024-05-08,Books,North,50,39.38,1969.0,782.22,39.7
2024-05-08,Sports,North,13,199.07,2587.91,1051.08,40.6
2024-05-08,Books,East,13,9.53,123.89,48.06,38.8
2024-05-08,Books,South,40,12.08,483.2,124.81,25.8
2024-05-08,Clothing,North,11,27.74,305.14,112.59,36.9
2024-05-08,Sports,East,43,95.68,4114.24,1387.39,33.7
2024-05-08,Books,North,48,35.09,1684.32,777.16,46.1
2024-05-09,Food & Beverage,East,23,50.77,1167.71,274.76,23.5
2024-05-09,Books,South,30,33.98,1019.4,389.64,38.2
2024-05-09,Food & Beverage,South,27,25.0,675.0,196.92,29.2
2024-05-09,Books,East,22,40.22,884.84,384.62,43.5
2024-05-09,Food & Beverage,East,45,26.17,1177.65,300.79,25.5
2024-05-09,Sports,South,49,73.03,3578.47,1342.35,37.5
2024-05-09,Sports,North,31,47.07,1459.17,340.73,23.4
2024-05-09,Clothing,South,52,43.34,2253.68,1214.42,53.9
2024-05-10,Books,North,45,39.82,1791.9,550.29,30.7
2024-05-10,Electronics,West,44,394.49,17357.56,2854.61,16.4
2024-05-10,Books,South,31,16.24,503.44,151.17,30.0
2024-05-10,Books,East,12,40.22,482.64,196.49,40.7
2024-05-10,Clothing,West,48,35.96,1726.08,835.18,48.4
2024-05-10,Food & Beverage,South,15,12.71,190.65,43.84,23.0
2024-05-10,Books,East,10,34.57,345.7,95.96,27.8
2024-05-10,Electronics,West,40,82.78,3311.2,766.28,23.1
2024-05-11,Sports,East,40,80.61,3224.4,1288.55,40.0
2024-05-11,Books,East,32,14.54,465.28,198.11,42.6
2024-05-11,Books,East,26,15.86,412.36,157.78,38.3
2024-05-11,Electronics,West,31,474.65,14714.15,1827.99,12.4
2024-05-12,Sports,South,30,176.19,5285.7,1901.0,36.0
2024-05-12,Sports,East,45,22.59,1016.55,360.69,35.5
2024-05-12,Sports,North,21,97.85,2054.85,806.26,39.2
2024-05-12,Clothing,East,16,45.45,727.2,392.42,54.0
2024-05-12,Food & Beverage,East,12,28.82,345.84,76.81,22.2
2024-05-12,Food & Beverage,East,55,24.18,1329.9,359.27,27.0
2024-05-13,Clothing,South,53,22.94,1215.82,446.8,36.7
2024-05-13,Clothing,West,55,54.99,3024.45,1017.61,33.6
2024-05-13,Clothing,West,52,16.02,833.04,337.7,40.5
2024-05-13,Clothing,East,51,69.4,3539.4,1283.89,36.3
2024-05-13,Books,North,26,12.84,333.84,96.0,28.8
2024-05-13,Clothing,East,31,108.25,3355.75,1087.52,32.4
2024-05-13,Food & Beverage,East,24,22.27,534.48,155.8,29.1
2024-05-13,Food & Beverage,East,2,24.71,49.42,12.37,25.0
2024-05-14,Books,South,37,23.79,880.23,351.48,39.9
2024-05-14,Clothing,East,23,51.59,1186.57,507.39,42.8
2024-05-14,Sports,North,25,150.03,3750.75,1173.05,31.3
2024-05-14,Clothing,South,41,89.83,3683.03,1415.56,38.4
2024-05-14,Books,West,55,37.03,2036.65,546.22,26.8
2024-05-14,Food & Beverage,South,21,17.33,363.93,86.71,23.8
2024-05-14,Food & Beverage,West,18,44.95,809.1,272.02,33.6
2024-05-14,Food & Beverage,West,27,12.53,338.31,118.69,35.1
2024-05-14,Clothing,South,43,37.28,1603.04,779.03,48.6
2024-05-15,Electronics,South,11,222.08,2442.88,323.49,13.2
2024-05-15,Sports,North,2,182.58,365.16,118.6,32.5
2024-05-15,Electronics,North,17,390.54,6639.18,869.47,13.1
2024-05-15,Sports,East,15,67.76,1016.4,281.38,27.7
2024-05-15,Clothing,South,34,92.74,3153.16,968.47,30.7
2024-05-15,Food & Beverage,East,56,27.75,1554.0,582.74,37.5
2024-05-15,Books,East,36,23.35,840.6,397.6,47.3
2024-05-15,Books,South,38,24.41,927.58,366.52,39.5
2024-05-15,Books,West,34,28.47,967.98,360.83,37.3
2024-05-16,Sports,South,52,32.51,1690.52,476.01,28.2
2024-05-16,Sports,East,10,78.38,783.8,172.45,22.0
2024-05-16,Clothing,East,19,67.48,1282.12,387.3,30.2
2024-05-16,Sports,West,20,21.64,432.8,132.47,30.6
2024-05-16,Food & Beverage,South,51,4.79,244.29,62.23,25.5
2024-05-16,Sports,West,26,64.98,1689.48,613.26,36.3
2024-05-17,Sports,West,15,67.34,1010.1,307.52,30.4
2024-05-17,Clothing,East,19,87.24,1657.56,717.7,43.3
2024-05-17,Food & Beverage,West,13,43.41,564.33,122.17,21.6
2024-05-17,Food & Beverage,North,41,29.31,1201.71,325.13,27.1
2024-05-17,Books,West,13,18.26,237.38,67.65,28.5
2024-05-17,Books,North,12,44.98,539.76,169.96,31.5
2024-05-17,Clothing,West,47,15.86,745.42,240.43,32.3
2024-05-17,Electronics,West,14,223.6,3130.4,502.44,16.1
2024-05-17,Sports,East,30,152.72,4581.6,1037.03,22.6
2024-05-18,Clothing,North,18,110.91,1996.38,634.54,31.8
2024-05-18,Sports,South,13,163.1,2120.3,572.51,27.0
2024-05-18,Sports,North,8,224.74,1797.92,652.53,36.3
2024-05-18,Sports,West,16,152.77,2444.32,554.13,22.7
2024-05-19,Electronics,South,31,219.09,6791.79,1663.7,24.5
2024-05-19,Food & Beverage,South,41,33.99,1393.59,458.41,32.9
2024-05-19,Books,North,17,26.91,457.47,145.81,31.9
2024-05-19,Food & Beverage,North,56,40.25,2254.0,844.47,37.5
2024-05-19,Clothing,West,21,16.58,348.18,173.6,49.9
2024-05-19,Books,North,26,38.24,994.24,250.6,25.2
2024-05-19,Electronics,West,45,330.41,14868.45,2502.09,16.8
2024-05-20,Clothing,South,32,22.14,708.48,322.12,45.5
2024-05-20,Electronics,North,23,403.33,9276.59,1958.96,21.1
2024-05-20,Electronics,South,32,159.95,5118.4,1267.41,24.8
2024-05-20,Food & Beverage,West,47,13.68,642.96,204.36,31.8
2024-05-21,Clothing,East,58,20.1,1165.8,555.69,47.7
2024-05-21,Books,East,35,31.82,1113.7,327.04,29.4
2024-05-21,Clothing,East,21,96.5,2026.5,747.44,36.9
2024-05-21,Books,South,5,22.5,112.5,39.75,35.3
2024-05-21,Food & Beverage,East,30,5.28,158.4,48.72,30.8
2024-05-21,Sports,South,57,21.03,1198.71,469.13,39.1
2024-05-22,Books,South,21,27.96,587.16,235.69,40.1
2024-05-22,Books,West,13,24.77,322.01,117.35,36.4
2024-05-22,Books,South,40,15.35,614.0,211.37,34.4
2024-05-22,Food & Beverage,North,7,32.83,229.81,44.43,19.3
2024-05-22,Clothing,South,56,16.46,921.76,301.2,32.7
2024-05-22,Clothing,North,3,86.2,258.6,131.65,50.9
2024-05-22,Sports,East,4,90.24,360.96,123.16,34.1
2024-05-22,Electronics,North,60,536.86,32211.6,6611.35,20.5
2024-05-22,Electronics,West,52,348.35,18114.2,3023.63,16.7
2024-05-22,Sports,East,51,154.89,7899.39,3039.12,38.5
2024-05-23,Books,North,47,11.79,554.13,177.27,32.0
2024-05-23,Clothing,North,7,104.81,733.67,317.62,43.3
2024-05-23,Clothing,South,34,75.57,2569.38,1136.97,44.3
2024-05-23,Clothing,West,48,26.08,1251.84,575.42,46.0
2024-05-23,Food & Beverage,West,45,34.94,1572.3,560.63,35.7
2024-05-23,Clothing,South,36,51.45,1852.2,711.95,38.4
2024-05-24,Books,West,60,19.27,1156.2,372.86,32.2
2024-05-24,Food & Beverage,East,27,41.36,1116.72,297.18,26.6
2024-05-24,Food & Beverage,South,37,26.6,984.2,250.98,25.5
2024-05-24,Books,East,24,40.71,977.04,344.82,35.3
2024-05-24,Sports,North,47,30.18,1418.46,392.77,27.7
2024-05-25,Books,South,57,15.89,905.73,289.0,31.9
2024-05-25,Clothing,South,55,43.26,2379.3,1172.71,49.3
2024-05-25,Food & Beverage,South,7,6.03,42.21,10.6,25.1
2024-05-25,Clothing,East,24,113.83,2731.92,990.22,36.2
2024-05-26,Food & Beverage,North,37,26.44,978.28,355.68,36.4
2024-05-26,Electronics,East,51,296.8,15136.8,2777.24,18.3
2024-05-26,Books,North,39,32.83,1280.37,331.1,25.9
2024-05-26,Books,West,6,32.96,197.76,91.37,46.2
2024-05-26,Food & Beverage,East,57,43.86,2500.02,658.27,26.3
2024-05-26,Electronics,South,48,318.75,15300.0,3033.98,19.8
2024-05-27,Sports,North,20,131.55,2631.0,746.84,28.4
2024-05-27,Books,South,21,21.67,455.07,136.88,30.1
2024-05-27,Electronics,West,29,396.19,11489.51,2237.96,19.5
2024-05-27,Electronics,South,28,181.54,5083.12,870.54,17.1
2024-05-28,Food & Beverage,North,31,35.32,1094.92,207.88,19.0
2024-05-28,Sports,East,6,96.32,577.92,177.36,30.7
2024-05-28,Clothing,South,31,66.35,2056.85,867.92,42.2
2024-05-28,Books,South,36,24.94,897.84,376.38,41.9
2024-05-28,Clothing,South,5,38.66,193.3,78.77,40.8
2024-05-29,Books,North,8,33.92,271.36,94.27,34.7
2024-05-29,Food & Beverage,South,21,18.45,387.45,120.53,31.1
2024-05-29,Food & Beverage,South,23,29.46,677.58,256.15,37.8
2024-05-29,Sports,South,29,25.27,732.83,281.14,38.4
2024-05-29,Clothing,East,10,99.29,992.9,509.55,51.3
2024-05-29,Electronics,North,16,550.34,8805.44,2117.49,24.0
2024-05-29,Food & Beverage,North,22,41.65,916.3,185.33,20.2
2024-05-29,Sports,West,2,79.74,159.48,58.69,36.8
2024-05-29,Clothing,South,35,62.95,2203.25,803.45,36.5
2024-05-30,Books,South,45,27.32,1229.4,312.55,25.4
2024-05-30,Books,North,17,15.47,262.99,82.93,31.5
2024-05-30,Books,East,4,24.02,96.08,44.91,46.7
2024-05-30,Electronics,West,43,193.95,8339.85,1924.59,23.1
2024-05-30,Food & Beverage,North,2,20.89,41.78,14.9,35.7
2024-05-30,Sports,South,25,100.38,2509.5,908.28,36.2
2024-05-30,Food & Beverage,West,56,31.87,1784.72,352.67,19.8
2024-05-31,Books,West,36,37.64,1355.04,345.46,25.5
2024-05-31,Clothing,East,22,69.77,1534.94,746.13,48.6
2024-05-31,Electronics,East,44,239.19,10524.36,2118.34,20.1
2024-05-31,Clothing,East,52,22.59,1174.68,428.08,36.4
2024-05-31,Sports,North,36,219.47,7900.92,2094.66,26.5
2024-06-01,Sports,South,6,190.74,1144.44,370.96,32.4
2024-06-01,Books,South,27,14.12,381.24,108.7,28.5
2024-06-01,Food & Beverage,East,29,30.87,895.23,198.16,22.1
2024-06-01,Clothing,South,56,26.55,1486.8,701.97,47.2
2024-06-01,Books,South,28,35.88,1004.64,476.63,47.4
2024-06-01,Clothing,South,21,19.91,418.11,181.14,43.3
2024-06-02,Electronics,South,21,330.94,6949.74,965.44,13.9
2024-06-02,Electronics,East,57,436.09,24857.13,6088.89,24.5
2024-06-02,Food & Beverage,West,48,47.02,2256.96,809.86,35.9
2024-06-02,Food & Beverage,South,50,12.11,605.5,124.92,20.6
2024-06-02,Electronics,East,39,283.96,11074.44,1661.37,15.0
2024-06-02,Clothing,South,44,15.96,702.24,224.62,32.0
2024-06-02,Sports,South,33,217.1,7164.3,2247.82,31.4
2024-06-02,Food & Beverage,South,55,20.19,1110.45,305.12,27.5
2024-06-02,Clothing,South,15,16.55,248.25,121.92,49.1
2024-06-03,Food & Beverage,West,15,38.41,576.15,217.58,37.8
2024-06-03,Clothing,North,12,129.2,1550.4,847.15,54.6
2024-06-03,Books,West,45,18.4,828.0,294.13,35.5
2024-06-03,Clothing,West,26,96.5,2509.0,1134.02,45.2
2024-06-04,Sports,East,26,191.2,4971.2,1831.86,36.8
2024-06-04,Books,North,34,13.22,449.48,159.6,35.5
2024-06-04,Electronics,South,34,234.02,7956.68,1972.44,24.8
2024-06-04,Electronics,West,34,341.16,11599.44,2843.45,24.5
2024-06-04,Clothing,East,29,59.63,1729.27,650.45,37.6
2024-06-04,Food & Beverage,West,11,24.01,264.11,79.93,30.3
2024-06-04,Electronics,South,30,327.84,9835.2,1757.75,17.9
2024-06-04,Books,North,12,37.86,454.32,211.58,46.6
2024-06-04,Books,South,26,19.11,496.86,175.74,35.4
2024-06-04,Clothing,West,38,109.14,4147.32,2172.98,52.4
2024-06-05,Electronics,East,21,330.69,6944.49,1652.31,23.8
2024-06-05,Clothing,North,6,31.04,186.24,76.8,41.2
2024-06-05,Food & Beverage,North,34,42.35,1439.9,468.51,32.5
2024-06-05,Books,South,25,23.05,576.25,149.88,26.0
2024-06-05,Clothing,East,37,111.81,4136.97,2133.3,51.6
2024-06-05,Clothing,South,12,86.19,1034.28,323.55,31.3
2024-06-05,Food & Beverage,East,47,41.57,1953.79,526.06,26.9
2024-06-06,Clothing,North,58,33.14,1922.12,674.11,35.1
2024-06-06,Books,East,1,23.81,23.81,10.64,44.7
2024-06-06,Books,North,39,41.68,1625.52,495.32,30.5
2024-06-06,Books,West,30,21.12,633.6,169.97,26.8
2024-06-06,Books,North,16,41.66,666.56,209.28,31.4
2024-06-06,Books,South,4,12.52,50.08,13.15,26.3
2024-06-06,Food & Beverage,North,10,49.94,499.4,156.51,31.3
2024-06-06,Books,East,22,39.32,865.04,226.02,26.1
2024-06-06,Sports,South,11,177.63,1953.93,668.67,34.2
2024-06-07,Books,South,30,28.78,863.4,287.38,33.3
2024-06-07,Electronics,North,50,201.08,10054.0,1688.21,16.8
2024-06-07,Sports,North,49,156.04,7645.96,2523.89,33.0
2024-06-07,Food & Beverage,West,9,10.49,94.41,33.22,35.2
2024-06-07,Food & Beverage,West,34,14.44,490.96,108.9,22.2
2024-06-07,Electronics,North,37,377.79,13978.23,2820.35,20.2
2024-06-07,Electronics,West,47,313.85,14750.95,3560.97,24.1
2024-06-07,Food & Beverage,West,39,43.15,1682.85,390.31,23.2
2024-06-07,Books,East,60,12.76,765.6,290.47,37.9
2024-06-08,Sports,West,52,73.34,3813.68,1303.83,34.2
2024-06-08,Food & Beverage,South,1,9.29,9.29,2.54,27.3
2024-06-08,Electronics,South,52,258.9,13462.8,2341.21,17.4
2024-06-08,Electronics,East,23,281.47,6473.81,1313.38,20.3
2024-06-08,Electronics,South,45,151.69,6826.05,1520.33,22.3
2024-06-08,Food & Beverage,East,33,31.24,1030.92,343.72,33.3
2024-06-08,Electronics,East,22,219.86,4836.92,938.17,19.4
2024-06-08,Electronics,South,13,167.39,2176.07,356.73,16.4
2024-06-09,Sports,West,52,36.96,1921.92,475.0,24.7
2024-06-09,Clothing,West,58,105.85,6139.3,3216.88,52.4
2024-06-09,Sports,West,60,215.13,12907.8,4995.59,38.7
2024-06-09,Food & Beverage,East,36,30.57,1100.52,243.93,22.2
2024-06-09,Food & Beverage,East,5,51.06,255.3,60.27,23.6
2024-06-09,Electronics,East,25,306.25,7656.25,1757.21,23.0
2024-06-09,Books,West,12,27.05,324.6,145.7,44.9
2024-06-09,Food & Beverage,East,46,6.74,310.04,81.47,26.3
2024-06-09,Sports,South,24,127.69,3064.56,1256.92,41.0
2024-06-10,Books,East,12,12.17,146.04,62.88,43.1
2024-06-10,Clothing,North,29,78.35,2272.15,1135.52,50.0
2024-06-10,Books,South,13,17.0,221.0,79.82,36.1
2024-06-10,Books,East,50,19.4,970.0,414.17,42.7
2024-06-10,Electronics,South,14,294.0,4116.0,739.72,18.0
2024-06-11,Books,North,1,20.64,20.64,5.37,26.0
2024-06-11,Books,North,22,26.38,580.36,151.25,26.1
2024-06-11,Books,East,2,27.81,55.62,17.9,32.2
2024-06-11,Clothing,East,13,36.98,480.74,177.47,36.9
2024-06-11,Food & Beverage,West,43,10.29,442.47,92.86,21.0
2024-06-11,Food & Beverage,North,1,55.34,55.34,16.16,29.2
2024-06-11,Electronics,South,35,173.76,6081.6,981.59,16.1
2024-06-11,Clothing,East,37,42.74,1581.38,502.58,31.8
2024-06-11,Books,East,35,23.31,815.85,228.37,28.0
2024-06-12,Electronics,North,25,100.29,2507.25,439.87,17.5
2024-06-12,Clothing,West,40,52.34,2093.6,802.02,38.3
2024-06-12,Clothing,North,60,108.51,6510.6,2711.17,41.6
2024-06-12,Clothing,North,53,114.13,6048.89,2871.1,47.5
2024-06-12,Electronics,West,20,312.36,6247.2,1326.46,21.2
2024-06-12,Sports,West,15,266.76,4001.4,995.33,24.9
2024-06-12,Books,East,59,20.61,1215.99,355.28,29.2
2024-06-13,Food & Beverage,East,30,28.28,848.4,163.8,19.3
2024-06-13,Electronics,East,31,244.3,7573.3,1076.96,14.2
2024-06-13,Food & Beverage,South,33,8.67,286.11,98.28,34.4
2024-06-13,Electronics,East,36,314.85,11334.6,2527.8,22.3
2024-06-13,Books,West,26,26.9,699.4,213.23,30.5
2024-06-13,Clothing,South,31,49.77,1542.87,594.28,38.5
2024-06-13,Books,West,51,39.37,2007.87,763.91,38.0
2024-06-13,Food & Beverage,South,12,31.34,376.08,73.55,19.6
2024-06-13,Books,West,8,26.95,215.6,76.85,35.6
2024-06-14,Electronics,West,12,177.97,2135.64,368.94,17.3
2024-06-14,Books,North,44,39.16,1723.04,736.44,42.7
2024-06-14,Sports,East,32,200.06,6401.92,1487.14,23.2
2024-06-14,Clothing,South,57,68.38,3897.66,1904.97,48.9
2024-06-14,Electronics,South,43,109.14,4693.02,887.28,18.9
2024-06-14,Sports,West,13,79.83,1037.79,410.43,39.5
2024-06-14,Food & Beverage,East,59,49.82,2939.38,784.65,26.7
2024-06-14,Food & Beverage,North,38,6.17,234.46,88.46,37.7
2024-06-15,Clothing,East,4,56.46,225.84,98.74,43.7
2024-06-15,Electronics,North,46,308.12,14173.52,3504.13,24.7
2024-06-15,Electronics,East,56,83.09,4653.04,819.51,17.6
2024-06-15,Books,West,41,18.18,745.38,251.97,33.8
2024-06-15,Sports,West,35,81.23,2843.05,724.07,25.5
2024-06-15,Clothing,South,36,49.84,1794.24,952.96,53.1
2024-06-15,Sports,South,19,251.42,4776.98,1691.11,35.4
2024-06-16,Electronics,North,42,84.65,3555.3,760.03,21.4
2024-06-16,Sports,West,9,49.34,444.06,154.73,34.8
2024-06-16,Sports,West,58,226.81,13154.98,4484.35,34.1
2024-06-16,Sports,South,30,140.74,4222.2,1395.06,33.0
2024-06-16,Sports,West,23,84.89,1952.47,595.41,30.5
2024-06-17,Books,West,55,31.39,1726.45,714.39,41.4
2024-06-17,Food & Beverage,West,60,29.58,1774.8,449.72,25.3
2024-06-17,Electronics,West,46,199.58,9180.68,1794.23,19.5
2024-06-17,Electronics,South,47,296.16,13919.52,3450.17,24.8
2024-06-18,Food & Beverage,West,34,8.52,289.68,103.7,35.8
2024-06-18,Electronics,South,31,263.83,8178.73,1687.16,20.6
2024-06-18,Electronics,East,40,91.18,3647.2,600.55,16.5
2024-06-18,Electronics,West,30,251.02,7530.6,1363.04,18.1
2024-06-18,Food & Beverage,West,23,48.23,1109.29,376.76,34.0
2024-06-18,Food & Beverage,South,3,32.65,97.95,29.34,30.0
2024-06-18,Food & Beverage,East,4,34.98,139.92,41.36,29.6
2024-06-18,Books,North,43,45.65,1962.95,855.94,43.6
2024-06-18,Books,North,19,27.04,513.76,143.43,27.9
2024-06-18,Electronics,East,17,121.08,2058.36,322.19,15.7
2024-06-19,Food & Beverage,North,48,11.52,552.96,118.84,21.5
2024-06-19,Books,South,43,20.06,862.58,375.92,43.6
2024-06-19,Food & Beverage,South,32,11.82,378.24,107.98,28.5
2024-06-19,Electronics,East,6,434.01,2604.06,514.1,19.7
2024-06-19,Clothing,West,49,119.33,5847.17,2880.27,49.3
2024-06-19,Clothing,West,47,81.95,3851.65,1358.53,35.3
2024-06-19,Food & Beverage,North,42,19.43,816.06,280.65,34.4
2024-06-19,Electronics,South,30,189.32,5679.6,904.07,15.9
2024-06-19,Books,South,25,26.89,672.25,228.37,34.0
2024-06-19,Food & Beverage,South,34,39.75,1351.5,246.48,18.2
2024-06-20,Sports,West,44,107.55,4732.2,1542.94,32.6
2024-06-20,Electronics,North,59,296.32,17482.88,2902.12,16.6
2024-06-20,Sports,East,22,100.93,2220.46,844.8,38.0
2024-06-20,Food & Beverage,West,30,39.79,1193.7,393.7,33.0
2024-06-20,Books,South,34,16.92,575.28,235.15,40.9
2024-06-20,Clothing,East,36,16.92,609.12,184.03,30.2
2024-06-20,Electronics,North,27,118.31,3194.37,426.47,13.4
2024-06-20,Sports,East,15,221.3,3319.5,897.52,27.0
2024-06-20,Electronics,North,40,115.95,4638.0,1122.42,24.2
2024-06-20,Clothing,North,46,132.9,6113.4,1966.05,32.2
2024-06-21,Clothing,West,43,95.21,4094.03,1891.35,46.2
2024-06-21,Clothing,North,45,39.5,1777.5,664.15,37.4
2024-06-21,Electronics,West,60,423.3,25398.0,5587.98,22.0
2024-06-21,Food & Beverage,East,11,42.14,463.54,109.14,23.5
2024-06-21,Electronics,West,25,186.76,4669.0,596.73,12.8
2024-06-21,Food & Beverage,South,29,7.31,211.99,79.68,37.6
2024-06-21,Clothing,West,12,82.78,993.36,324.94,32.7
2024-06-21,Books,West,14,27.65,387.1,106.23,27.4
2024-06-22,Food & Beverage,North,3,9.52,28.56,8.4,29.4
2024-06-22,Food & Beverage,West,2,45.34,90.68,19.02,21.0
2024-06-22,Electronics,North,43,238.51,10255.93,1432.85,14.0
2024-06-22,Food & Beverage,West,37,5.17,191.29,61.5,32.2
2024-06-22,Sports,West,28,129.79,3634.12,1328.47,36.6
2024-06-22,Electronics,South,1,184.72,184.72,38.72,21.0
2024-06-22,Sports,North,37,187.33,6931.21,2899.47,41.8
2024-06-23,Food & Beverage,West,4,33.45,133.8,49.74,37.2
2024-06-23,Electronics,East,35,391.28,13694.8,2248.8,16.4
2024-06-23,Sports,East,42,83.15,3492.3,1155.58,33.1
2024-06-23,Sports,South,20,183.03,3660.6,1461.65,39.9
2024-06-23,Food & Beverage,West,6,44.83,268.98,71.98,26.8
2024-06-23,Clothing,South,3,31.75,95.25,45.71,48.0
2024-06-24,Clothing,West,25,21.61,540.25,235.08,43.5
2024-06-24,Food & Beverage,West,35,48.42,1694.7,580.19,34.2
2024-06-24,Electronics,North,22,101.21,2226.62,495.23,22.2
2024-06-24,Electronics,West,8,143.57,1148.56,235.46,20.5
2024-06-24,Books,West,44,35.85,1577.4,589.02,37.3
2024-06-24,Books,South,60,9.27,556.2,233.13,41.9
2024-06-24,Sports,North,31,295.1,9148.1,3143.97,34.4
2024-06-24,Clothing,South,1,29.78,29.78,9.31,31.2
2024-06-25,Electronics,West,40,128.94,5157.6,1015.2,19.7
2024-06-25,Electronics,North,32,322.47,10319.04,2064.14,20.0
2024-06-25,Electronics,South,28,169.59,4748.52,1085.83,22.9
2024-06-25,Sports,East,8,287.61,2300.88,771.24,33.5
2024-06-25,Clothing,East,54,122.11,6593.94,2329.69,35.3
2024-06-25,Electronics,South,22,81.51,1793.22,279.04,15.6
2024-06-26,Sports,South,45,109.1,4909.5,1242.11,25.3
2024-06-26,Clothing,North,9,29.32,263.88,135.06,51.2
2024-06-26,Books,West,50,13.05,652.5,295.14,45.2
2024-06-26,Electronics,North,1,151.86,151.86,19.98,13.2
2024-06-26,Books,East,27,31.7,855.9,369.93,43.2
2024-06-26,Sports,South,14,57.65,807.1,221.3,27.4
2024-06-26,Sports,West,16,264.4,4230.4,1447.25,34.2
2024-06-26,Electronics,South,46,221.81,10203.26,2484.89,24.4
2024-06-26,Food & Beverage,East,27,5.47,147.69,33.54,22.7
2024-06-26,Electronics,North,40,226.78,9071.2,1986.11,21.9
2024-06-27,Books,South,30,29.39,881.7,354.13,40.2
2024-06-27,Food & Beverage,North,13,11.58,150.54,31.59,21.0
2024-06-27,Sports,West,12,68.26,819.12,331.36,40.5
2024-06-27,Electronics,East,19,149.96,2849.24,435.02,15.3
2024-06-27,Books,West,3,11.34,34.02,8.92,26.2
2024-06-27,Books,South,11,29.82,328.02,118.6,36.2
2024-06-27,Electronics,North,58,174.8,10138.4,1802.88,17.8
2024-06-27,Books,East,27,15.08,407.16,165.18,40.6
2024-06-28,Clothing,North,21,44.75,939.75,337.63,35.9
2024-06-28,Sports,South,25,227.36,5684.0,1334.07,23.5
2024-06-28,Books,West,4,36.5,146.0,41.37,28.3
2024-06-28,Books,West,12,20.39,244.68,68.85,28.1
2024-06-28,Clothing,East,18,38.04,684.72,227.19,33.2
2024-06-28,Books,North,18,14.22,255.96,114.13,44.6
2024-06-29,Sports,South,49,103.12,5052.88,2007.42,39.7
2024-06-29,Books,South,51,30.08,1534.08,719.69,46.9
2024-06-29,Clothing,South,6,52.41,314.46,135.36,43.0
2024-06-29,Clothing,West,54,63.59,3433.86,1042.61,30.4
2024-06-29,Sports,South,16,99.43,1590.88,534.37,33.6
2024-06-29,Books,South,59,23.72,1399.48,351.5,25.1
2024-06-29,Electronics,North,31,379.33,11759.23,2181.9,18.6
2024-06-30,Books,West,31,33.91,1051.21,431.24,41.0
2024-06-30,Electronics,West,32,153.86,4923.52,948.29,19.3
2024-06-30,Electronics,West,14,115.38,1615.32,255.95,15.8
2024-06-30,Electronics,North,31,352.87,10938.97,1542.77,14.1
2024-06-30,Sports,North,30,166.6,4998.0,1238.13,24.8
2024-06-30,Sports,South,51,222.87,11366.37,3925.51,34.5
2024-06-30,Electronics,North,25,445.0,11125.0,1816.47,16.3
2024-07-01,Food & Beverage,West,49,17.14,839.86,310.09,36.9
2024-07-01,Books,South,51,26.92,1372.92,539.15,39.3
2024-07-01,Food & Beverage,North,33,54.67,1804.11,568.17,31.5
2024-07-01,Electronics,North,25,228.29,5707.25,1144.23,20.0
2024-07-02,Food & Beverage,South,42,27.13,1139.46,220.37,19.3
2024-07-02,Clothing,South,22,36.05,793.1,260.45,32.8
2024-07-02,Sports,South,49,194.17,9514.33,2522.13,26.5
2024-07-02,Food & Beverage,East,33,37.39,1233.87,290.49,23.5
2024-07-02,Electronics,East,23,240.99,5542.77,1026.46,18.5
2024-07-02,Electronics,West,46,257.89,11862.94,2696.44,22.7
2024-07-03,Sports,East,52,207.56,10793.12,3870.89,35.9
2024-07-03,Electronics,South,58,345.22,20022.76,2629.99,13.1
2024-07-03,Sports,South,19,242.53,4608.07,1084.69,23.5
2024-07-03,Clothing,East,8,92.6,740.8,314.16,42.4
2024-07-03,Clothing,North,19,67.55,1283.45,603.99,47.1
2024-07-03,Clothing,West,23,59.11,1359.53,658.59,48.4
2024-07-04,Food & Beverage,South,5,5.39,26.95,9.17,34.0
2024-07-04,Books,East,27,27.84,751.68,301.29,40.1
2024-07-04,Food & Beverage,West,38,34.96,1328.48,379.99,28.6
2024-07-04,Books,West,30,17.73,531.9,149.12,28.0
2024-07-05,Food & Beverage,South,51,15.03,766.53,212.21,27.7
2024-07-05,Food & Beverage,North,10,24.02,240.2,65.14,27.1
2024-07-05,Clothing,South,46,64.09,2948.14,1018.79,34.6
2024-07-05,Clothing,South,11,35.98,395.78,122.81,31.0
2024-07-05,Food & Beverage,South,29,15.05,436.45,94.67,21.7
2024-07-05,Books,North,43,20.86,896.98,295.18,32.9
2024-07-05,Food & Beverage,West,35,48.9,1711.5,490.74,28.7
2024-07-05,Electronics,North,26,460.45,11971.7,2632.66,22.0
2024-07-05,Sports,East,10,30.54,305.4,112.3,36.8
2024-07-05,Books,East,42,32.1,1348.2,484.0,35.9
2024-07-06,Books,South,52,23.48,1220.96,559.91,45.9
2024-07-06,Sports,East,45,59.12,2660.4,840.14,31.6
2024-07-06,Electronics,South,44,238.22,10481.68,1677.6,16.0
2024-07-06,Sports,South,29,106.26,3081.54,879.08,28.5
2024-07-06,Books,South,38,22.36,849.68,365.1,43.0
2024-07-06,Food & Beverage,South,2,7.89,15.78,5.52,35.0
2024-07-07,Electronics,West,13,243.1,3160.3,627.04,19.8
2024-07-07,Books,North,59,33.74,1990.66,679.69,34.1
2024-07-07,Sports,East,25,128.05,3201.25,886.52,27.7
2024-07-07,Food & Beverage,East,29,46.56,1350.24,266.7,19.8
2024-07-07,Sports,West,52,139.51,7254.52,1833.64,25.3
2024-07-07,Sports,West,9,238.55,2146.95,729.08,34.0
2024-07-07,Clothing,South,20,58.35,1167.0,603.2,51.7
2024-07-07,Food & Beverage,North,60,55.43,3325.8,1101.58,33.1
2024-07-07,Electronics,North,27,340.46,9192.42,1429.72,15.6
2024-07-08,Books,West,46,26.17,1203.82,554.26,46.0
2024-07-08,Clothing,South,54,49.58,2677.32,1173.92,43.8
2024-07-08,Electronics,East,54,290.77,15701.58,2892.75,18.4
2024-07-08,Sports,South,2,204.65,409.3,102.65,25.1
2024-07-08,Food & Beverage,West,8,34.42,275.36,98.73,35.9
2024-07-09,Clothing,West,59,87.22,5145.98,1858.66,36.1
2024-07-09,Electronics,East,32,444.13,14212.16,1828.74,12.9
2024-07-09,Food & Beverage,West,37,24.62,910.94,210.96,23.2
2024-07-09,Sports,North,24,180.73,4337.52,1453.3,33.5
2024-07-09,Food & Beverage,South,38,6.87,261.06,63.68,24.4
2024-07-09,Clothing,East,11,21.58,237.38,92.65,39.0
2024-07-09,Food & Beverage,North,19,20.84,395.96,121.87,30.8
2024-07-10,Books,South,50,25.29,1264.5,538.52,42.6
2024-07-10,Books,South,35,16.49,577.15,186.26,32.3
2024-07-10,Food & Beverage,East,44,38.23,1682.12,424.74,25.3
2024-07-10,Books,East,53,13.23,701.19,197.38,28.1
2024-07-11,Food & Beverage,West,27,20.31,548.37,198.6,36.2
2024-07-11,Electronics,South,10,222.94,2229.4,508.54,22.8
2024-07-11,Books,North,27,26.15,706.05,188.92,26.8
2024-07-11,Clothing,North,31,59.3,1838.3,869.08,47.3
2024-07-11,Clothing,West,57,118.7,6765.9,2914.62,43.1
2024-07-11,Food & Beverage,South,46,16.84,774.64,254.77,32.9
2024-07-12,Clothing,South,55,79.11,4351.05,2053.75,47.2
2024-07-12,Food & Beverage,South,14,9.77,136.78,26.77,19.6
2024-07-12,Electronics,North,2,396.25,792.5,173.12,21.8
2024-07-12,Electronics,South,7,71.74,502.18,103.33,20.6
2024-07-13,Electronics,West,8,392.34,3138.72,394.31,12.6
2024-07-13,Food & Beverage,North,49,10.74,526.26,107.76,20.5
2024-07-13,Books,South,38,33.15,1259.7,368.46,29.2
2024-07-13,Food & Beverage,North,6,13.28,79.68,26.23,32.9
2024-07-13,Food & Beverage,East,23,12.84,295.32,82.73,28.0
2024-07-13,Books,South,33,23.62,779.46,212.63,27.3
2024-07-13,Books,North,34,17.19,584.46,171.86,29.4
2024-07-13,Food & Beverage,South,58,35.04,2032.32,367.58,18.1
2024-07-14,Electronics,South,59,223.2,13168.8,2791.89,21.2
2024-07-14,Food & Beverage,South,29,31.78,921.62,185.67,20.1
2024-07-14,Food & Beverage,West,28,14.64,409.92,92.44,22.6
2024-07-14,Electronics,East,8,246.04,1968.32,369.19,18.8
2024-07-14,Sports,East,46,105.68,4861.28,1771.58,36.4
2024-07-14,Electronics,East,32,114.78,3672.96,576.18,15.7
2024-07-14,Books,East,44,41.2,1812.8,638.3,35.2
2024-07-14,Books,West,19,39.52,750.88,261.63,34.8
2024-07-14,Electronics,West,44,199.18,8763.92,1066.24,12.2
2024-07-15,Sports,North,26,159.15,4137.9,1455.34,35.2
2024-07-15,Electronics,North,10,240.29,2402.9,505.46,21.0
2024-07-15,Electronics,South,5,178.06,890.3,129.88,14.6
2024-07-15,Clothing,West,8,39.45,315.6,128.19,40.6
2024-07-15,Sports,East,49,218.19,10691.31,3596.38,33.6
2024-07-15,Food & Beverage,West,23,26.41,607.43,182.61,30.1
2024-07-15,Sports,West,33,98.28,3243.24,1211.67,37.4
2024-07-15,Electronics,North,17,279.1,4744.7,711.74,15.0
2024-07-15,Clothing,North,7,106.34,744.38,377.83,50.8
2024-07-16,Electronics,South,25,255.45,6386.25,1037.79,16.3
2024-07-16,Food & Beverage,North,49,9.71,475.79,157.16,33.0
2024-07-16,Sports,West,13,101.98,1325.74,423.68,32.0
2024-07-16,Books,East,35,19.95,698.25,312.62,44.8
2024-07-16,Books,North,49,10.36,507.64,177.16,34.9
2024-07-16,Electronics,West,29,180.3,5228.7,883.25,16.9
2024-07-16,Sports,North,3,83.46,250.38,88.1,35.2
2024-07-17,Food & Beverage,South,32,21.94,702.08,170.25,24.2
2024-07-17,Sports,West,49,55.56,2722.44,966.48,35.5
2024-07-17,Books,West,31,25.99,805.69,230.39,28.6
2024-07-17,Electronics,West,17,244.6,4158.2,1023.8,24.6
2024-07-17,Books,East,50,41.25,2062.5,667.65,32.4
2024-07-17,Electronics,North,9,421.8,3796.2,627.72,16.5
2024-07-17,Books,North,49,42.0,2058.0,676.03,32.8
2024-07-17,Electronics,West,23,422.12,9708.76,1684.96,17.4
2024-07-17,Electronics,South,16,136.58,2185.28,350.9,16.1
2024-07-17,Electronics,North,56,203.38,11389.28,1866.56,16.4
2024-07-18,Books,East,3,23.89,71.67,32.15,44.9
2024-07-18,Books,West,18,8.65,155.7,55.75,35.8
2024-07-18,Electronics,East,25,285.2,7130.0,1154.45,16.2
2024-07-18,Electronics,West,7,314.64,2202.48,323.25,14.7
2024-07-19,Books,East,11,29.06,319.66,106.63,33.4
2024-07-19,Sports,South,32,169.32,5418.24,2247.6,41.5
2024-07-19,Electronics,South,19,146.39,2781.41,441.28,15.9
2024-07-19,Books,West,52,15.23,791.96,333.31,42.1
2024-07-19,Electronics,North,38,216.49,8226.62,1059.14,12.9
2024-07-19,Books,West,28,14.71,411.88,178.34,43.3
2024-07-19,Food & Beverage,East,28,36.6,1024.8,248.69,24.3
2024-07-20,Sports,East,40,165.77,6630.8,2349.37,35.4
2024-07-20,Books,South,57,7.74,441.18,181.66,41.2
2024-07-20,Clothing,West,14,84.38,1181.32,597.72,50.6
2024-07-20,Sports,East,60,198.2,11892.0,4540.21,38.2
2024-07-20,Sports,North,34,90.35,3071.9,959.96,31.2
2024-07-20,Clothing,South,48,78.26,3756.48,1408.94,37.5
2024-07-20,Sports,West,21,244.77,5140.17,2067.52,40.2
2024-07-21,Clothing,West,18,101.49,1826.82,843.1,46.2
2024-07-21,Food & Beverage,South,26,14.16,368.16,77.31,21.0
2024-07-21,Electronics,South,52,326.99,17003.48,3066.42,18.0
2024-07-21,Books,West,28,28.7,803.6,207.74,25.9
2024-07-21,Clothing,East,9,18.96,170.64,84.88,49.7
2024-07-21,Food & Beverage,South,42,39.03,1639.26,611.05,37.3
2024-07-21,Sports,North,4,281.31,1125.24,266.44,23.7
2024-07-21,Books,East,56,10.54,590.24,277.22,47.0
2024-07-21,Food & Beverage,North,26,54.56,1418.56,460.81,32.5
2024-07-22,Clothing,North,37,105.94,3919.78,2090.16,53.3
2024-07-22,Books,East,32,38.12,1219.84,371.76,30.5
2024-07-22,Electronics,East,22,383.4,8434.8,1820.57,21.6
2024-07-22,Clothing,West,14,30.15,422.1,145.11,34.4
2024-07-22,Food & Beverage,West,27,16.44,443.88,132.23,29.8
2024-07-23,Books,East,45,40.28,1812.6,585.09,32.3
2024-07-23,Sports,West,44,90.08,3963.52,1092.14,27.6
2024-07-23,Clothing,East,31,94.65,2934.15,1482.75,50.5
2024-07-23,Electronics,North,54,381.78,20616.12,4615.17,22.4
2024-07-23,Electronics,South,17,238.79,4059.43,650.34,16.0
2024-07-23,Food & Beverage,North,35,50.61,1771.35,622.68,35.2
2024-07-23,Sports,North,59,310.62,18326.58,7431.46,40.6
2024-07-24,Food & Beverage,North,60,48.33,2899.8,658.52,22.7
2024-07-24,Clothing,South,59,54.97,3243.23,1230.14,37.9
2024-07-24,Sports,North,18,283.3,5099.4,1961.43,38.5
2024-07-24,Sports,West,48,132.07,6339.36,2461.15,38.8
2024-07-24,Sports,North,53,78.67,4169.51,1134.92,27.2
2024-07-24,Electronics,East,27,297.1,8021.7,1810.86,22.6
2024-07-25,Food & Beverage,West,45,6.23,280.35,53.38,19.0
2024-07-25,Clothing,West,51,82.32,4198.32,1262.72,30.1
2024-07-25,Clothing,East,21,79.23,1663.83,545.25,32.8
2024-07-25,Clothing,South,55,69.63,3829.65,1541.74,40.3
2024-07-25,Food & Beverage,West,31,44.31,1373.61,283.93,20.7
2024-07-25,Clothing,East,52,46.82,2434.64,781.76,32.1
2024-07-25,Food & Beverage,South,26,39.99,1039.74,383.61,36.9
2024-07-25,Books,South,2,34.51,69.02,31.91,46.2
2024-07-25,Books,South,59,9.76,575.84,205.21,35.6
2024-07-26,Clothing,North,26,91.87,2388.62,1075.11,45.0
2024-07-26,Clothing,North,24,37.79,906.96,400.7,44.2
2024-07-26,Electronics,West,50,396.44,19822.0,3547.78,17.9
2024-07-26,Sports,North,15,238.99,3584.85,925.28,25.8
2024-07-26,Food & Beverage,East,48,28.6,1372.8,282.85,20.6
2024-07-26,Clothing,South,53,40.24,2132.72,1000.88,46.9
2024-07-27,Clothing,West,51,30.32,1546.32,576.08,37.3
2024-07-27,Food & Beverage,South,40,22.76,910.4,209.09,23.0
2024-07-27,Books,West,6,8.33,49.98,14.03,28.1
2024-07-27,Food & Beverage,West,44,14.55,640.2,164.34,25.7
2024-07-27,Sports,East,5,54.61,273.05,63.28,23.2
2024-07-27,Food & Beverage,South,31,41.28,1279.68,485.44,37.9
2024-07-27,Books,North,1,18.53,18.53,7.27,39.3
2024-07-28,Sports,East,9,285.55,2569.95,853.0,33.2
2024-07-28,Books,South,17,12.09,205.53,74.68,36.3
2024-07-28,Food & Beverage,West,9,9.03,81.27,26.17,32.2
2024-07-28,Sports,South,17,51.7,878.9,201.12,22.9
2024-07-28,Clothing,West,56,117.2,6563.2,2430.03,37.0
2024-07-28,Food & Beverage,West,19,45.63,866.97,201.69,23.3
2024-07-29,Food & Beverage,East,28,47.43,1328.04,322.86,24.3
2024-07-29,Sports,South,36,218.67,7872.12,2766.92,35.1
2024-07-29,Sports,North,13,75.27,978.51,260.26,26.6
2024-07-29,Electronics,West,17,126.39,2148.63,388.32,18.1
2024-07-29,Electronics,West,3,225.62,676.86,168.23,24.9
2024-07-29,Books,West,30,23.78,713.4,317.14,44.5
2024-07-29,Clothing,North,23,28.55,656.65,339.52,51.7
2024-07-29,Clothing,South,48,61.58,2955.84,1088.33,36.8
2024-07-29,Books,South,38,35.94,1365.72,342.73,25.1
2024-07-29,Books,South,27,33.71,910.17,279.07,30.7
2024-07-30,Electronics,East,2,177.96,355.92,88.12,24.8
2024-07-30,Electronics,West,24,278.75,6690.0,1630.08,24.4
2024-07-30,Food & Beverage,South,2,7.78,15.56,5.39,34.6
2024-07-30,Sports,West,41,268.71,11017.11,3733.05,33.9
2024-07-30,Electronics,East,3,317.37,952.11,231.95,24.4
2024-07-30,Food & Beverage,South,14,39.46,552.44,188.0,34.0
2024-07-30,Food & Beverage,East,52,7.87,409.24,79.45,19.4
2024-07-31,Sports,North,26,106.15,2759.9,739.7,26.8
2024-07-31,Sports,North,2,279.21,558.42,141.05,25.3
2024-07-31,Sports,East,42,228.53,9598.26,3367.19,35.1
2024-07-31,Electronics,East,32,371.69,11894.08,2565.14,21.6
2024-07-31,Food & Beverage,South,23,31.45,723.35,250.58,34.6
2024-07-31,Books,South,32,20.03,640.96,217.45,33.9
2024-07-31,Food & Beverage,West,6,39.04,234.24,80.16,34.2
2024-07-31,Books,South,28,25.36,710.08,192.7,27.1
2024-08-01,Food & Beverage,West,44,15.09,663.96,210.64,31.7
2024-08-01,Clothing,West,34,81.1,2757.4,1188.91,43.1
2024-08-01,Food & Beverage,West,28,8.56,239.68,81.57,34.0
2024-08-01,Food & Beverage,South,9,32.21,289.89,69.6,24.0
2024-08-01,Clothing,West,19,74.7,1419.3,621.3,43.8
2024-08-01,Electronics,North,33,252.65,8337.45,1102.9,13.2
2024-08-01,Books,East,23,16.96,390.08,104.86,26.9
2024-08-01,Books,North,8,36.45,291.6,103.94,35.6
2024-08-02,Clothing,West,3,23.75,71.25,36.99,51.9
2024-08-02,Food & Beverage,East,38,39.46,1499.48,497.03,33.1
2024-08-02,Sports,East,22,285.19,6274.18,2473.71,39.4
2024-08-02,Clothing,South,12,20.89,250.68,136.76,54.6
2024-08-02,Food & Beverage,North,28,33.4,935.2,169.43,18.1
2024-08-02,Electronics,North,11,347.44,3821.84,687.25,18.0
2024-08-02,Sports,West,20,183.86,3677.2,1525.25,41.5
2024-08-02,Food & Beverage,West,52,18.62,968.24,198.51,20.5
2024-08-02,Electronics,South,8,323.37,2586.96,544.51,21.0
2024-08-02,Clothing,North,14,75.34,1054.76,354.7,33.6
2024-08-03,Sports,South,6,93.45,560.7,175.32,31.3
2024-08-03,Sports,West,2,57.35,114.7,45.94,40.0
2024-08-03,Sports,West,31,32.95,1021.45,316.55,31.0
2024-08-03,Clothing,South,19,67.31,1278.89,650.26,50.8
2024-08-03,Electronics,East,1,109.88,109.88,25.29,23.0
2024-08-04,Sports,West,48,173.82,8343.36,3055.47,36.6
2024-08-04,Food & Beverage,North,32,26.43,845.76,239.07,28.3
2024-08-04,Books,West,15,30.86,462.9,171.97,37.2
2024-08-04,Sports,East,36,46.2,1663.2,662.91,39.9
2024-08-04,Sports,West,8,152.69,1221.52,498.13,40.8
2024-08-04,Food & Beverage,West,45,24.63,1108.35,235.27,21.2
2024-08-04,Clothing,West,23,61.0,1403.0,598.95,42.7
2024-08-05,Food & Beverage,West,9,44.74,402.66,130.7,32.5
2024-08-05,Sports,West,54,265.18,14319.72,5019.06,35.1
2024-08-05,Food & Beverage,West,52,48.69,2531.88,537.78,21.2
2024-08-05,Clothing,East,45,98.36,4426.2,2065.99,46.7
2024-08-05,Clothing,South,13,28.27,367.51,155.47,42.3
2024-08-05,Sports,West,20,87.15,1743.0,577.57,33.1
2024-08-05,Electronics,East,57,169.16,9642.12,2005.57,20.8
2024-08-05,Clothing,North,52,24.94,1296.88,528.68,40.8
2024-08-06,Clothing,North,36,44.31,1595.16,581.36,36.4
2024-08-06,Food & Beverage,East,50,7.46,373.0,132.62,35.6
2024-08-06,Food & Beverage,South,55,32.45,1784.75,505.22,28.3
2024-08-06,Electronics,North,60,466.69,28001.4,6268.63,22.4
2024-08-06,Electronics,North,51,328.87,16772.37,3718.1,22.2
2024-08-06,Electronics,North,33,121.48,4008.84,809.35,20.2
2024-08-06,Clothing,East,11,96.05,1056.55,504.02,47.7
2024-08-06,Books,West,47,35.86,1685.42,481.17,28.5
2024-08-07,Food & Beverage,South,8,38.87,310.96,83.28,26.8
2024-08-07,Sports,North,16,274.13,4386.08,1380.44,31.5
2024-08-07,Food & Beverage,South,6,15.27,91.62,29.6,32.3
2024-08-07,Sports,East,41,205.36,8419.76,2107.65,25.0
2024-08-07,Books,West,51,15.3,780.3,338.97,43.4
2024-08-07,Sports,West,58,143.61,8329.38,3252.44,39.0
2024-08-08,Food & Beverage,North,29,13.28,385.12,70.09,18.2
2024-08-08,Books,North,6,21.65,129.9,44.48,34.2
2024-08-08,Clothing,West,4,56.29,225.16,69.64,30.9
2024-08-08,Clothing,North,41,135.59,5559.19,2778.3,50.0
2024-08-08,Books,East,27,21.91,591.57,240.53,40.7
2024-08-08,Books,East,47,33.35,1567.45,719.65,45.9
2024-08-08,Electronics,East,58,269.24,15615.92,3742.49,24.0
2024-08-08,Sports,West,42,79.69,3346.98,1100.77,32.9
2024-08-08,Books,West,45,19.05,857.25,374.38,43.7
2024-08-08,Sports,South,57,93.59,5334.63,1213.06,22.7
2024-08-09,Sports,South,34,250.17,8505.78,2354.28,27.7
2024-08-09,Electronics,East,34,199.11,6769.74,1371.81,20.3
2024-08-09,Electronics,North,57,405.24,23098.68,4551.03,19.7
2024-08-09,Clothing,East,47,62.36,2930.92,1249.51,42.6
2024-08-09,Electronics,East,17,306.43,5209.31,865.17,16.6
2024-08-09,Electronics,North,29,200.53,5815.37,1254.91,21.6
2024-08-10,Food & Beverage,South,52,34.7,1804.4,534.68,29.6
2024-08-10,Books,South,23,15.82,363.86,146.78,40.3
2024-08-10,Books,South,46,18.08,831.68,349.0,42.0
2024-08-10,Electronics,East,34,289.7,9849.8,2235.6,22.7
2024-08-10,Food & Beverage,West,7,11.59,81.13,21.51,26.5
2024-08-10,Sports,North,6,50.22,301.32,119.84,39.8
2024-08-10,Sports,South,29,42.91,1244.39,442.21,35.5
2024-08-11,Books,West,56,16.44,920.64,335.79,36.5
2024-08-11,Sports,West,45,262.62,11817.9,3757.01,31.8
2024-08-11,Sports,South,10,139.91,1399.1,443.45,31.7
2024-08-11,Sports,South,46,141.59,6513.14,2122.16,32.6
2024-08-11,Clothing,West,31,18.42,571.02,193.7,33.9
2024-08-11,Books,East,59,40.38,2382.42,925.26,38.8
2024-08-11,Sports,North,8,139.31,1114.48,309.73,27.8
2024-08-12,Clothing,North,24,54.07,1297.68,510.79,39.4
2024-08-12,Food & Beverage,West,2,40.6,81.2,16.92,20.8
2024-08-12,Books,West,4,37.98,151.92,48.64,32.0
2024-08-12,Food & Beverage,South,12,37.67,452.04,125.56,27.8
2024-08-12,Electronics,East,5,397.68,1988.4,346.55,17.4
2024-08-12,Books,East,37,23.6,873.2,286.15,32.8
2024-08-12,Sports,West,54,209.45,11310.3,3858.42,34.1
2024-08-12,Clothing,West,49,62.24,3049.76,1257.32,41.2
2024-08-13,Food & Beverage,North,52,38.08,1980.16,603.39,30.5
2024-08-13,Sports,South,58,114.88,6663.04,2186.8,32.8
2024-08-13,Sports,East,42,52.83,2218.86,561.64,25.3
2024-08-13,Electronics,East,36,313.24,11276.64,2297.15,20.4
2024-08-13,Electronics,South,40,235.29,9411.6,2056.34,21.8
2024-08-13,Books,South,49,20.9,1024.1,467.28,45.6
2024-08-13,Electronics,South,2,149.55,299.1,43.89,14.7
2024-08-13,Books,West,6,33.82,202.92,79.05,39.0
2024-08-13,Sports,North,32,282.0,9024.0,2027.27,22.5
2024-08-13,Sports,South,27,30.66,827.82,269.52,32.6
2024-08-14,Food & Beverage,North,8,56.45,451.6,130.22,28.8
2024-08-14,Food & Beverage,South,12,14.85,178.2,35.27,19.8
2024-08-14,Food & Beverage,West,44,12.61,554.84,168.06,30.3
2024-08-14,Food & Beverage,South,2,33.39,66.78,16.0,24.0
2024-08-14,Electronics,East,10,226.15,2261.5,366.7,16.2
2024-08-14,Sports,North,4,90.9,363.6,134.69,37.0
2024-08-14,Books,South,32,21.85,699.2,255.92,36.6
2024-08-15,Food & Beverage,North,21,29.8,625.8,163.59,26.1
2024-08-15,Sports,North,27,215.8,5826.6,2346.65,40.3
2024-08-15,Electronics,East,36,432.56,15572.16,3235.31,20.8
2024-08-15,Clothing,South,20,67.2,1344.0,553.05,41.1
2024-08-16,Books,South,51,35.08,1789.08,600.88,33.6
2024-08-16,Clothing,South,35,103.52,3623.2,1957.75,54.0
2024-08-16,Books,West,3,8.03,24.09,8.6,35.7
2024-08-16,Books,East,42,41.06,1724.52,431.35,25.0
2024-08-16,Sports,East,39,95.79,3735.81,1329.95,35.6
2024-08-16,Food & Beverage,South,38,38.55,1464.9,346.1,23.6
2024-08-16,Clothing,North,20,28.08,561.6,266.54,47.5
2024-08-16,Clothing,East,57,63.37,3612.09,1634.87,45.3
2024-08-16,Food & Beverage,East,41,17.6,721.6,238.52,33.1
2024-08-16,Sports,East,16,204.64,3274.24,930.96,28.4
2024-08-17,Sports,East,2,271.25,542.5,133.86,24.7
2024-08-17,Electronics,West,1,389.82,389.82,80.87,20.7
2024-08-17,Sports,West,49,126.98,6222.02,1469.83,23.6
2024-08-17,Electronics,North,58,419.81,24348.98,5047.78,20.7
2024-08-17,Electronics,East,53,212.48,11261.44,2231.68,19.8
2024-08-18,Clothing,North,8,73.12,584.96,312.4,53.4
2024-08-18,Sports,North,15,247.56,3713.4,1380.21,37.2
2024-08-18,Food & Beverage,South,6,37.56,225.36,68.75,30.5
2024-08-18,Clothing,South,32,104.91,3357.12,1038.02,30.9
2024-08-18,Sports,South,1,69.67,69.67,26.77,38.4
2024-08-18,Sports,North,56,112.58,6304.48,2017.84,32.0
2024-08-18,Clothing,South,43,83.32,3582.76,1676.89,46.8
2024-08-19,Books,South,5,24.14,120.7,50.88,42.2
2024-08-19,Clothing,East,60,78.58,4714.8,1683.14,35.7
2024-08-19,Books,East,13,36.88,479.44,122.41,25.5
2024-08-19,Books,East,44,27.22,1197.68,424.46,35.4
2024-08-19,Sports,North,55,304.25,16733.75,5129.06,30.7
2024-08-19,Sports,East,8,209.37,1674.96,524.79,31.3
2024-08-19,Food & Beverage,North,57,43.07,2454.99,464.96,18.9
2024-08-19,Sports,West,21,29.3,615.3,159.31,25.9
2024-08-20,Books,North,48,17.5,840.0,343.22,40.9
2024-08-20,Electronics,South,13,114.05,1482.65,237.82,16.0
2024-08-20,Electronics,North,31,255.54,7921.74,975.35,12.3
2024-08-20,Food & Beverage,East,16,10.35,165.6,37.7,22.8
2024-08-21,Electronics,East,34,369.07,12548.38,3045.0,24.3
2024-08-21,Books,West,49,11.06,541.94,191.13,35.3
2024-08-21,Electronics,North,4,454.56,1818.24,307.39,16.9
2024-08-21,Electronics,South,4,356.51,1426.04,253.05,17.7
2024-08-21,Food & Beverage,West,5,9.58,47.9,9.16,19.1
2024-08-21,Electronics,East,55,214.39,11791.45,1561.87,13.2
2024-08-22,Sports,South,56,161.18,9026.08,3176.68,35.2
2024-08-22,Electronics,West,25,233.72,5843.0,1026.34,17.6
2024-08-22,Books,North,22,33.15,729.3,295.68,40.5
2024-08-22,Electronics,West,34,185.17,6295.78,913.03,14.5
2024-08-22,Electronics,North,39,371.05,14470.95,2851.87,19.7
2024-08-22,Clothing,South,41,61.59,2525.19,981.91,38.9
2024-08-22,Sports,West,12,89.27,1071.24,406.43,37.9
2024-08-22,Electronics,South,20,249.01,4980.2,929.83,18.7
2024-08-22,Food & Beverage,East,38,47.08,1789.04,599.51,33.5
2024-08-22,Clothing,West,20,78.35,1567.0,584.12,37.3
2024-08-23,Books,South,4,14.04,56.16,24.62,43.8
2024-08-23,Books,North,28,21.85,611.8,290.36,47.5
2024-08-23,Clothing,North,22,40.11,882.42,369.67,41.9
2024-08-23,Sports,East,55,182.45,10034.75,4140.47,41.3
2024-08-24,Food & Beverage,West,22,12.3,270.6,73.29,27.1
2024-08-24,Electronics,West,15,396.42,5946.3,1207.34,20.3
2024-08-24,Clothing,West,40,37.38,1495.2,628.26,42.0
2024-08-24,Food & Beverage,West,14,23.01,322.14,111.21,34.5
2024-08-24,Electronics,East,1,99.04,99.04,12.27,12.4
2024-08-24,Electronics,South,19,202.7,3851.3,778.25,20.2
2024-08-24,Food & Beverage,North,2,16.05,32.1,7.6,23.7
2024-08-24,Clothing,East,47,34.96,1643.12,841.09,51.2
2024-08-25,Clothing,South,2,30.14,60.28,22.03,36.5
2024-08-25,Electronics,North,54,356.33,19241.82,3256.87,16.9
2024-08-25,Electronics,East,60,150.21,9012.6,1616.02,17.9
2024-08-25,Food & Beverage,East,43,13.35,574.05,163.83,28.5
2024-08-25,Books,West,57,30.75,1752.75,485.96,27.7
2024-08-26,Clothing,South,35,49.24,1723.4,678.27,39.4
2024-08-26,Books,West,41,15.83,649.03,169.15,26.1
2024-08-26,Books,South,55,22.62,1244.1,536.96,43.2
2024-08-26,Food & Beverage,South,4,29.99,119.96,28.31,23.6
2024-08-26,Clothing,West,14,91.37,1279.18,634.69,49.6
2024-08-27,Books,North,11,27.92,307.12,129.85,42.3
2024-08-27,Books,East,32,25.83,826.56,240.67,29.1
2024-08-27,Food & Beverage,West,46,48.01,2208.46,606.78,27.5
2024-08-27,Books,West,41,37.48,1536.68,590.57,38.4
2024-08-27,Electronics,South,15,348.73,5230.95,935.14,17.9
2024-08-27,Clothing,West,14,47.13,659.82,344.54,52.2
2024-08-27,Books,South,60,31.46,1887.6,582.4,30.9
2024-08-27,Electronics,South,49,88.2,4321.8,768.35,17.8
2024-08-27,Food & Beverage,South,38,6.17,234.46,66.22,28.2
2024-08-27,Food & Beverage,West,29,26.04,755.16,197.69,26.2
2024-08-28,Sports,East,18,130.58,2350.44,601.51,25.6
2024-08-28,Clothing,East,42,24.12,1013.04,532.22,52.5
2024-08-28,Food & Beverage,North,51,20.05,1022.55,230.63,22.6
2024-08-28,Electronics,North,24,93.92,2254.08,329.19,14.6
2024-08-28,Clothing,East,17,49.12,835.04,420.77,50.4
2024-08-28,Food & Beverage,South,46,28.96,1332.16,276.52,20.8
2024-08-28,Books,East,1,34.27,34.27,10.79,31.5
2024-08-28,Food & Beverage,West,26,41.98,1091.48,361.89,33.2
2024-08-28,Electronics,West,42,251.01,10542.42,2308.27,21.9
2024-08-28,Clothing,West,15,38.83,582.45,283.82,48.7
2024-08-29,Clothing,West,47,100.51,4723.97,1819.51,38.5
2024-08-29,Electronics,East,55,141.81,7799.55,1716.81,22.0
2024-08-29,Sports,South,29,127.25,3690.25,1224.02,33.2
2024-08-29,Food & Beverage,South,37,39.89,1475.93,355.87,24.1
2024-08-29,Electronics,West,52,303.21,15766.92,2618.98,16.6
2024-08-29,Clothing,West,28,87.01,2436.28,976.56,40.1
2024-08-29,Books,East,21,28.12,590.52,224.72,38.1
2024-08-30,Clothing,South,22,67.19,1478.18,738.77,50.0
2024-08-30,Books,West,25,14.53,363.25,123.45,34.0
2024-08-30,Books,West,13,23.19,301.47,98.17,32.6
2024-08-30,Sports,East,6,74.76,448.56,159.23,35.5
2024-08-31,Electronics,West,2,134.65,269.3,34.75,12.9
2024-08-31,Sports,East,14,91.06,1274.84,448.63,35.2
2024-08-31,Electronics,West,4,199.61,798.44,96.96,12.1
2024-08-31,Food & Beverage,West,26,12.07,313.82,63.44,20.2
2024-08-31,Books,West,31,31.78,985.18,334.44,33.9
2024-09-01,Clothing,South,56,32.94,1844.64,752.71,40.8
2024-09-01,Sports,South,39,111.16,4335.24,1222.81,28.2
2024-09-01,Clothing,West,18,36.18,651.24,356.73,54.8
2024-09-01,Sports,North,53,105.64,5598.92,2136.06,38.2
2024-09-01,Books,East,59,33.03,1948.77,707.25,36.3
2024-09-01,Sports,North,48,41.86,2009.28,701.76,34.9
2024-09-01,Sports,East,45,180.26,8111.7,3070.03,37.8
2024-09-01,Sports,South,27,58.36,1575.72,630.28,40.0
2024-09-01,Sports,West,25,183.95,4598.75,1180.45,25.7
2024-09-01,Books,North,26,41.89,1089.14,283.22,26.0
2024-09-02,Clothing,East,57,85.0,4845.0,1807.05,37.3
2024-09-02,Electronics,South,59,310.25,18304.75,4558.08,24.9
2024-09-02,Books,North,24,14.42,346.08,94.9,27.4
2024-09-02,Food & Beverage,West,29,12.42,360.18,79.77,22.1
2024-09-02,Electronics,West,2,132.89,265.78,55.89,21.0
2024-09-02,Sports,West,22,154.27,3393.94,1327.56,39.1
2024-09-02,Sports,North,1,74.88,74.88,27.09,36.2
2024-09-02,Clothing,East,43,98.29,4226.47,1780.15,42.1
2024-09-02,Electronics,North,36,491.21,17683.56,3762.45,21.3
2024-09-02,Sports,South,31,150.91,4678.21,1816.61,38.8
2024-09-03,Electronics,North,12,280.89,3370.68,638.76,19.0
2024-09-03,Sports,South,5,126.77,633.85,140.87,22.2
2024-09-03,Food & Beverage,South,29,19.0,551.0,123.06,22.3
2024-09-03,Electronics,South,29,402.44,11670.76,2669.63,22.9
2024-09-03,Books,North,25,41.53,1038.25,365.59,35.2
2024-09-04,Electronics,North,50,329.14,16457.0,2406.44,14.6
2024-09-04,Clothing,East,59,42.05,2480.95,800.97,32.3
2024-09-04,Sports,North,1,92.78,92.78,23.98,25.8
2024-09-04,Electronics,South,57,130.22,7422.54,1696.79,22.9
2024-09-04,Clothing,South,3,52.78,158.34,51.76,32.7
2024-09-04,Food & Beverage,East,36,34.87,1255.32,382.79,30.5
2024-09-04,Books,West,28,14.24,398.72,119.28,29.9
2024-09-04,Food & Beverage,East,12,5.96,71.52,22.23,31.1
2024-09-05,Sports,South,30,53.66,1609.8,565.99,35.2
2024-09-05,Food & Beverage,East,3,8.43,25.29,5.66,22.4
2024-09-05,Food & Beverage,West,7,37.06,259.42,87.75,33.8
2024-09-05,Books,South,17,41.78,710.26,275.56,38.8
2024-09-06,Sports,South,22,46.4,1020.8,380.09,37.2
2024-09-06,Food & Beverage,West,5,20.08,100.4,30.29,30.2
2024-09-06,Books,West,25,29.22,730.5,307.26,42.1
2024-09-06,Books,North,15,11.98,179.7,76.29,42.5
2024-09-06,Electronics,East,16,491.3,7860.8,1717.13,21.8
2024-09-06,Books,North,4,17.11,68.44,24.96,36.5
2024-09-06,Clothing,South,25,32.81,820.25,253.85,30.9
2024-09-06,Books,West,48,43.29,2077.92,583.65,28.1
2024-09-06,Food & Beverage,North,34,46.72,1588.48,417.74,26.3
2024-09-07,Food & Beverage,North,15,49.58,743.7,183.14,24.6
2024-09-07,Clothing,South,35,18.61,651.35,344.84,52.9
2024-09-07,Clothing,South,39,95.97,3742.83,1610.79,43.0
2024-09-07,Clothing,West,41,15.63,640.83,331.61,51.7
2024-09-07,Electronics,South,4,374.15,1496.6,207.13,13.8
2024-09-07,Clothing,South,6,29.91,179.46,78.46,43.7
2024-09-07,Clothing,South,33,20.89,689.37,331.76,48.1
2024-09-07,Food & Beverage,South,47,12.5,587.5,155.57,26.5
2024-09-07,Books,South,20,18.5,370.0,130.65,35.3
2024-09-07,Clothing,East,56,101.89,5705.84,1825.89,32.0
2024-09-08,Sports,West,11,104.73,1152.03,350.84,30.5
2024-09-08,Books,West,49,15.59,763.91,358.55,46.9
2024-09-08,Sports,North,49,101.95,4995.55,1952.3,39.1
2024-09-08,Food & Beverage,South,36,33.93,1221.48,282.72,23.1
2024-09-08,Sports,East,30,74.53,2235.9,743.28,33.2
2024-09-08,Sports,North,22,51.29,1128.38,354.14,31.4
2024-09-09,Clothing,North,1,121.29,121.29,58.53,48.3
2024-09-09,Food & Beverage,West,26,46.66,1213.16,446.51,36.8
2024-09-09,Food & Beverage,West,32,18.85,603.2,227.71,37.8
2024-09-09,Electronics,West,57,115.57,6587.49,1579.74,24.0
2024-09-09,Sports,South,13,141.6,1840.8,757.34,41.1
2024-09-10,Food & Beverage,West,41,35.98,1475.18,471.01,31.9
2024-09-10,Sports,West,48,64.42,3092.16,975.72,31.6
2024-09-10,Food & Beverage,North,45,40.2,1809.0,379.12,21.0
2024-09-10,Books,West,44,15.26,671.44,206.07,30.7
2024-09-10,Books,South,1,12.67,12.67,3.44,27.1
2024-09-10,Sports,West,46,125.51,5773.46,2310.53,40.0
2024-09-10,Books,South,57,23.26,1325.82,584.48,44.1
2024-09-10,Food & Beverage,East,33,50.97,1682.01,524.28,31.2
2024-09-10,Sports,East,47,98.79,4643.13,1835.34,39.5
2024-09-10,Electronics,North,41,442.29,18133.89,4056.18,22.4
2024-09-11,Clothing,East,48,38.85,1864.8,908.29,48.7
2024-09-11,Food & Beverage,North,11,48.0,528.0,95.21,18.0
2024-09-11,Electronics,West,34,306.09,10407.06,1638.95,15.7
2024-09-11,Sports,South,12,78.69,944.28,340.71,36.1
2024-09-11,Clothing,West,12,67.77,813.24,266.38,32.8
2024-09-11,Books,South,12,15.58,186.96,78.99,42.2
2024-09-11,Clothing,East,58,111.85,6487.3,2660.98,41.0
2024-09-11,Books,North,56,39.14,2191.84,588.19,26.8
2024-09-11,Electronics,West,8,235.49,1883.92,309.87,16.4
2024-09-11,Books,South,31,25.41,787.71,334.72,42.5
2024-09-12,Electronics,East,49,606.3,29708.7,6134.61,20.6
2024-09-12,Electronics,North,14,413.15,5784.1,699.55,12.1
2024-09-12,Books,East,60,29.67,1780.2,754.96,42.4
2024-09-12,Books,West,22,23.84,524.48,238.5,45.5
2024-09-13,Clothing,East,43,59.68,2566.24,1161.74,45.3
2024-09-13,Food & Beverage,East,52,9.98,518.96,140.84,27.1
2024-09-13,Sports,South,2,115.51,231.02,90.98,39.4
2024-09-13,Food & Beverage,South,24,22.8,547.2,173.59,31.7
2024-09-13,Sports,West,43,53.83,2314.69,965.77,41.7
2024-09-13,Food & Beverage,North,41,24.39,999.99,189.15,18.9
2024-09-14,Food & Beverage,West,15,32.3,484.5,125.99,26.0
2024-09-14,Books,North,23,29.94,688.62,319.69,46.4
2024-09-14,Sports,North,47,102.67,4825.49,1647.59,34.1
2024-09-14,Clothing,North,9,77.37,696.33,224.06,32.2
2024-09-14,Books,West,11,44.02,484.22,227.42,47.0
2024-09-14,Sports,South,16,52.29,836.64,310.1,37.1
2024-09-14,Electronics,North,28,686.15,19212.2,2378.45,12.4
2024-09-14,Food & Beverage,West,50,17.62,881.0,285.3,32.4
2024-09-14,Sports,North,43,51.1,2197.3,718.32,32.7
2024-09-14,Sports,North,51,166.2,8476.2,3342.91,39.4
2024-09-15,Books,North,42,26.2,1100.4,505.46,45.9
2024-09-15,Sports,West,52,62.01,3224.52,876.49,27.2
2024-09-15,Food & Beverage,North,8,10.36,82.88,27.19,32.8
2024-09-15,Clothing,North,37,61.65,2281.05,1170.94,51.3
2024-09-15,Sports,North,20,35.81,716.2,234.28,32.7
2024-09-15,Sports,West,21,158.83,3335.43,1265.81,38.0
2024-09-15,Clothing,South,7,50.86,356.02,154.72,43.5
2024-09-15,Sports,East,10,175.25,1752.5,489.59,27.9
2024-09-16,Sports,West,10,128.26,1282.6,319.59,24.9
2024-09-16,Electronics,East,20,366.66,7333.2,1536.44,21.0
2024-09-16,Food & Beverage,West,41,42.29,1733.89,483.76,27.9
2024-09-16,Sports,North,52,91.96,4781.92,1843.8,38.6
2024-09-16,Clothing,South,45,83.03,3736.35,1983.22,53.1
2024-09-17,Clothing,West,47,56.14,2638.58,1440.92,54.6
2024-09-17,Clothing,North,36,64.62,2326.32,943.58,40.6
2024-09-17,Sports,East,49,94.97,4653.53,1090.62,23.4
2024-09-17,Food & Beverage,East,45,48.86,2198.7,704.07,32.0
2024-09-17,Books,West,7,14.63,102.41,43.32,42.3
2024-09-17,Books,North,55,52.31,2877.05,920.47,32.0
2024-09-17,Clothing,South,29,79.27,2298.83,856.94,37.3
2024-09-17,Clothing,South,14,89.51,1253.14,437.24,34.9
2024-09-17,Electronics,East,47,553.87,26031.89,3468.83,13.3
2024-09-17,Clothing,West,28,86.34,2417.52,826.93,34.2
2024-09-18,Electronics,East,31,195.86,6071.66,770.02,12.7
2024-09-18,Books,East,38,27.57,1047.66,297.71,28.4
2024-09-18,Sports,South,3,37.25,111.75,33.45,29.9
2024-09-18,Food & Beverage,South,42,34.68,1456.56,488.2,33.5
2024-09-19,Electronics,West,56,508.37,28468.72,4830.38,17.0
2024-09-19,Sports,East,1,43.68,43.68,10.33,23.7
2024-09-19,Sports,South,2,113.07,226.14,94.41,41.7
2024-09-19,Sports,East,45,161.87,7284.15,2759.74,37.9
2024-09-19,Clothing,West,31,120.0,3720.0,1769.55,47.6
2024-09-19,Food & Beverage,South,7,17.67,123.69,39.92,32.3
2024-09-19,Books,South,26,36.73,954.98,243.08,25.5
2024-09-19,Books,West,5,29.53,147.65,56.77,38.4
2024-09-19,Electronics,South,43,493.55,21222.65,3045.16,14.3
2024-09-19,Books,South,1,27.81,27.81,12.07,43.4
2024-09-20,Electronics,South,37,179.95,6658.15,938.52,14.1
2024-09-20,Books,East,55,40.44,2224.2,599.33,26.9
2024-09-20,Electronics,East,24,612.15,14691.6,2090.74,14.2
2024-09-20,Electronics,South,20,107.34,2146.8,521.57,24.3
2024-09-21,Food & Beverage,West,9,30.97,278.73,88.92,31.9
2024-09-21,Books,East,39,31.78,1239.42,369.67,29.8
2024-09-21,Electronics,North,16,131.69,2107.04,291.65,13.8
2024-09-21,Clothing,South,39,65.67,2561.13,1147.25,44.8
2024-09-21,Food & Beverage,South,47,29.7,1395.9,272.02,19.5
2024-09-21,Food & Beverage,East,25,35.95,898.75,191.13,21.3
2024-09-21,Sports,North,17,163.04,2771.68,1130.96,40.8
2024-09-21,Clothing,South,5,72.99,364.95,134.06,36.7
2024-09-21,Clothing,East,37,88.22,3264.14,1648.81,50.5
2024-09-21,Books,South,27,37.03,999.81,322.7,32.3
2024-09-22,Sports,West,2,193.52,387.04,104.31,26.9
2024-09-22,Food & Beverage,North,35,11.44,400.4,115.99,29.0
2024-09-22,Electronics,East,41,147.89,6063.49,1444.33,23.8
2024-09-22,Food & Beverage,South,56,36.82,2061.92,483.99,23.5
2024-09-22,Electronics,West,15,286.83,4302.45,575.02,13.4
2024-09-22,Electronics,South,34,416.77,14170.18,2265.12,16.0
2024-09-22,Sports,North,34,95.22,3237.48,1082.72,33.4
2024-09-22,Food & Beverage,East,39,9.93,387.27,73.42,19.0
2024-09-22,Food & Beverage,West,12,20.53,246.36,80.87,32.8
2024-09-22,Books,West,31,32.34,1002.54,310.37,31.0
2024-09-23,Books,South,43,13.01,559.43,188.6,33.7
2024-09-23,Food & Beverage,North,59,43.29,2554.11,957.54,37.5
2024-09-23,Clothing,West,46,63.07,2901.22,1188.75,41.0
2024-09-23,Food & Beverage,West,33,17.91,591.03,218.99,37.1
2024-09-23,Books,South,20,30.61,612.2,165.29,27.0
2024-09-23,Food & Beverage,West,50,19.07,953.5,188.82,19.8
2024-09-23,Electronics,North,47,249.53,11727.91,1550.11,13.2
2024-09-23,Books,North,6,43.87,263.22,99.35,37.7
2024-09-23,Sports,North,28,163.15,4568.2,1856.92,40.6
2024-09-24,Sports,West,33,143.32,4729.56,1680.67,35.5
2024-09-24,Books,North,26,11.65,302.9,88.97,29.4
2024-09-24,Electronics,West,45,365.3,16438.5,2710.02,16.5
2024-09-24,Books,North,39,30.85,1203.15,347.42,28.9
2024-09-24,Books,South,12,11.24,134.88,59.76,44.3
2024-09-25,Food & Beverage,North,28,31.39,878.92,188.17,21.4
2024-09-25,Electronics,East,59,460.16,27149.44,6193.45,22.8
2024-09-25,Electronics,East,20,356.47,7129.4,1100.9,15.4
2024-09-25,Electronics,West,14,561.22,7857.08,1891.86,24.1
2024-09-25,Books,North,60,31.49,1889.4,740.8,39.2
2024-09-25,Sports,North,23,24.22,557.06,173.84,31.2
2024-09-25,Food & Beverage,East,7,5.49,38.43,13.76,35.8
2024-09-25,Clothing,West,23,15.93,366.39,149.38,40.8
2024-09-26,Electronics,South,27,142.58,3849.66,705.89,18.3
2024-09-26,Clothing,East,15,67.64,1014.6,399.32,39.4
2024-09-26,Food & Beverage,West,58,13.2,765.6,262.07,34.2
2024-09-26,Electronics,West,43,519.04,22318.72,3147.8,14.1
2024-09-26,Food & Beverage,West,1,21.17,21.17,7.5,35.4
2024-09-27,Electronics,South,19,104.66,1988.54,340.62,17.1
2024-09-27,Food & Beverage,North,11,40.23,442.53,163.59,37.0
2024-09-27,Food & Beverage,North,27,31.06,838.62,234.07,27.9
2024-09-27,Clothing,East,49,100.02,4900.98,2550.67,52.0
2024-09-27,Books,West,9,13.81,124.29,34.16,27.5
2024-09-28,Clothing,South,23,60.75,1397.25,687.23,49.2
2024-09-28,Clothing,North,44,117.45,5167.8,2105.45,40.7
2024-09-28,Books,North,28,32.25,903.0,284.36,31.5
2024-09-28,Electronics,West,16,407.28,6516.48,1399.75,21.5
2024-09-29,Clothing,East,50,28.43,1421.5,520.1,36.6
2024-09-29,Clothing,West,13,64.76,841.88,417.3,49.6
2024-09-29,Electronics,South,13,536.62,6976.06,1373.28,19.7
2024-09-29,Clothing,South,8,26.0,208.0,64.4,31.0
2024-09-29,Clothing,South,28,15.17,424.76,148.63,35.0
2024-09-30,Electronics,West,27,360.59,9735.93,2054.48,21.1
2024-09-30,Clothing,South,22,53.76,1182.72,372.96,31.5
2024-09-30,Sports,North,20,45.78,915.6,268.01,29.3
2024-09-30,Food & Beverage,West,16,19.39,310.24,58.79,19.0
2024-09-30,Electronics,North,4,493.19,1972.76,319.22,16.2
2024-09-30,Food & Beverage,West,18,45.88,825.84,165.29,20.0
2024-09-30,Clothing,East,32,55.83,1786.56,671.91,37.6
2024-09-30,Electronics,North,44,430.2,18928.8,4392.55,23.2
2024-09-30,Food & Beverage,East,48,43.52,2088.96,686.4,32.9
2024-09-30,Books,East,16,36.3,580.8,173.26,29.8
2024-10-01,Electronics,North,9,396.08,3564.72,706.66,19.8
2024-10-01,Electronics,South,13,338.36,4398.68,1057.07,24.0
2024-10-01,Electronics,East,20,403.88,8077.6,2008.53,24.9
2024-10-01,Clothing,South,3,25.58,76.74,31.05,40.5
2024-10-01,Food & Beverage,East,58,22.54,1307.32,400.0,30.6
2024-10-01,Electronics,West,5,282.78,1413.9,265.94,18.8
2024-10-01,Books,North,11,31.25,343.75,141.02,41.0
2024-10-02,Food & Beverage,North,37,8.9,329.3,123.32,37.4
2024-10-02,Clothing,West,32,86.89,2780.48,1439.08,51.8
2024-10-02,Electronics,South,29,355.78,10317.62,1753.37,17.0
2024-10-02,Sports,West,39,68.87,2685.93,689.78,25.7
2024-10-02,Clothing,South,38,79.34,3014.92,1567.12,52.0
2024-10-03,Books,West,33,30.65,1011.45,375.01,37.1
2024-10-03,Food & Beverage,South,19,33.18,630.42,183.09,29.0
2024-10-03,Clothing,South,3,63.92,191.76,71.52,37.3
2024-10-03,Clothing,East,60,30.41,1824.6,945.77,51.8
2024-10-03,Electronics,South,53,151.37,8022.61,1083.89,13.5
2024-10-03,Food & Beverage,East,21,9.18,192.78,61.9,32.1
2024-10-03,Books,East,47,12.89,605.83,276.63,45.7
2024-10-03,Food & Beverage,East,4,34.83,139.32,25.37,18.2
2024-10-03,Food & Beverage,South,47,43.59,2048.73,441.19,21.5
2024-10-03,Electronics,North,47,452.21,21253.87,3605.88,17.0
2024-10-04,Food & Beverage,South,53,22.41,1187.73,290.82,24.5
2024-10-04,Clothing,West,10,61.84,618.4,298.35,48.2
2024-10-04,Sports,East,10,191.51,1915.1,457.21,23.9
2024-10-04,Clothing,West,12,100.64,1207.68,415.48,34.4
2024-10-04,Books,West,47,13.77,647.19,203.78,31.5
2024-10-04,Food & Beverage,South,57,11.7,666.9,172.62,25.9
2024-10-04,Books,South,5,11.33,56.65,19.72,34.8
2024-10-04,Sports,West,7,150.38,1052.66,260.49,24.7
2024-10-04,Electronics,North,25,277.47,6936.75,931.64,13.4
2024-10-05,Electronics,South,16,363.1,5809.6,899.3,15.5
2024-10-05,Books,North,51,44.76,2282.76,1073.47,47.0
2024-10-05,Electronics,East,55,395.99,21779.45,3186.37,14.6
2024-10-05,Sports,West,53,49.37,2616.61,749.27,28.6
2024-10-06,Clothing,North,35,100.81,3528.35,1612.0,45.7
2024-10-06,Electronics,North,53,113.51,6016.03,1147.88,19.1
2024-10-06,Electronics,West,10,80.51,805.1,120.09,14.9
2024-10-06,Clothing,West,25,30.47,761.75,353.33,46.4
2024-10-06,Clothing,West,44,107.84,4744.96,2399.51,50.6
2024-10-07,Sports,South,8,54.37,434.96,178.9,41.1
2024-10-07,Food & Beverage,East,5,34.34,171.7,34.97,20.4
2024-10-07,Electronics,North,39,164.98,6434.22,1130.63,17.6
2024-10-07,Food & Beverage,South,44,21.72,955.68,342.73,35.9
2024-10-08,Food & Beverage,East,23,46.61,1072.03,251.09,23.4
2024-10-08,Sports,East,60,71.16,4269.6,1713.8,40.1
2024-10-08,Electronics,North,56,542.68,30390.08,4234.05,13.9
2024-10-08,Clothing,East,10,58.81,588.1,282.49,48.0
2024-10-08,Sports,North,8,142.61,1140.88,469.95,41.2
2024-10-08,Food & Beverage,South,6,17.58,105.48,21.68,20.6
2024-10-08,Sports,East,21,114.41,2402.61,759.84,31.6
2024-10-08,Sports,East,9,172.6,1553.4,544.92,35.1
2024-10-08,Clothing,West,27,72.68,1962.36,853.01,43.5
2024-10-09,Books,South,25,9.61,240.25,99.57,41.4
2024-10-09,Books,South,45,9.71,436.95,145.59,33.3
2024-10-09,Clothing,North,24,84.67,2032.08,1096.11,53.9
2024-10-09,Electronics,North,59,260.73,15383.07,3543.3,23.0
2024-10-09,Clothing,East,30,31.64,949.2,487.25,51.3
2024-10-09,Sports,South,14,152.11,2129.54,492.29,23.1
2024-10-09,Clothing,North,45,102.25,4601.25,1814.57,39.4
2024-10-10,Sports,East,4,153.56,614.24,216.55,35.3
2024-10-10,Electronics,West,54,329.45,17790.3,2500.65,14.1
2024-10-10,Clothing,East,10,24.46,244.6,78.09,31.9
2024-10-10,Books,West,10,32.49,324.9,116.33,35.8
2024-10-11,Books,East,31,22.23,689.13,225.75,32.8
2024-10-11,Electronics,East,8,152.75,1222.0,286.62,23.5
2024-10-11,Electronics,South,33,132.61,4376.13,750.64,17.2
2024-10-11,Sports,West,36,148.05,5329.8,1447.63,27.2
2024-10-11,Books,East,46,16.04,737.84,342.53,46.4
2024-10-12,Electronics,West,9,392.12,3529.08,607.19,17.2
2024-10-12,Electronics,South,26,141.44,3677.44,797.93,21.7
2024-10-12,Books,North,53,34.68,1838.04,661.34,36.0
2024-10-12,Sports,West,11,29.84,328.24,96.6,29.4
2024-10-12,Sports,South,18,35.56,640.08,150.78,23.6
2024-10-12,Books,East,2,16.45,32.9,9.46,28.7
2024-10-13,Electronics,South,39,76.15,2969.85,707.59,23.8
2024-10-13,Clothing,South,41,101.31,4153.71,1495.68,36.0
2024-10-13,Electronics,North,37,568.48,21033.76,3846.97,18.3
2024-10-13,Electronics,East,6,500.09,3000.54,363.37,12.1
2024-10-14,Food & Beverage,West,33,13.77,454.41,150.12,33.0
2024-10-14,Food & Beverage,South,45,31.82,1431.9,352.62,24.6
2024-10-14,Books,North,33,38.92,1284.36,365.46,28.5
2024-10-14,Books,West,31,26.76,829.56,369.96,44.6
2024-10-14,Food & Beverage,South,10,32.14,321.4,62.91,19.6
2024-10-14,Electronics,South,57,153.51,8750.07,1825.18,20.9
2024-10-15,Clothing,East,29,102.34,2967.86,1141.9,38.5
2024-10-15,Food & Beverage,West,3,45.08,135.24,45.28,33.5
2024-10-15,Sports,South,14,179.52,2513.28,857.97,34.1
2024-10-15,Clothing,West,7,99.5,696.5,233.78,33.6
2024-10-15,Food & Beverage,North,32,10.62,339.84,82.49,24.3
2024-10-16,Clothing,North,18,86.86,1563.48,607.17,38.8
2024-10-16,Electronics,South,46,363.79,16734.34,2569.27,15.4
2024-10-16,Sports,East,49,186.69,9147.81,3202.27,35.0
2024-10-16,Clothing,North,37,76.21,2819.77,1102.16,39.1
2024-10-16,Food & Beverage,West,27,43.57,1176.39,427.53,36.3
2024-10-16,Clothing,West,24,68.81,1651.44,753.32,45.6
2024-10-17,Food & Beverage,North,44,27.13,1193.72,322.33,27.0
2024-10-17,Electronics,North,48,473.86,22745.28,4798.5,21.1
2024-10-17,Books,North,10,40.59,405.9,128.61,31.7
2024-10-17,Clothing,West,55,22.66,1246.3,494.85,39.7
2024-10-17,Sports,North,23,119.44,2747.12,957.36,34.8
2024-10-17,Sports,North,6,60.32,361.92,87.47,24.2
2024-10-18,Sports,South,26,71.25,1852.5,525.1,28.3
2024-10-18,Books,West,14,30.47,426.58,153.37,36.0
2024-10-18,Food & Beverage,West,3,29.53,88.59,32.75,37.0
2024-10-18,Clothing,South,21,67.2,1411.2,771.86,54.7
2024-10-18,Sports,North,60,190.37,11422.2,4316.58,37.8
2024-10-18,Sports,South,4,52.26,209.04,46.95,22.5
2024-10-18,Sports,East,17,141.14,2399.38,567.98,23.7
2024-10-19,Food & Beverage,West,6,18.43,110.58,35.66,32.2
2024-10-19,Sports,South,43,162.68,6995.24,1796.49,25.7
2024-10-19,Electronics,North,58,527.49,30594.42,5031.63,16.4
2024-10-19,Food & Beverage,South,13,18.65,242.45,63.96,26.4
2024-10-20,Books,South,45,19.78,890.1,409.35,46.0
2024-10-20,Books,West,53,8.32,440.96,189.66,43.0
2024-10-20,Books,South,5,28.01,140.05,53.65,38.3
2024-10-20,Clothing,East,43,124.5,5353.5,2862.74,53.5
2024-10-20,Food & Beverage,North,10,52.14,521.4,191.23,36.7
2024-10-20,Sports,East,8,170.69,1365.52,484.47,35.5
2024-10-20,Food & Beverage,North,29,54.57,1582.53,556.19,35.1
2024-10-21,Sports,North,3,68.25,204.75,85.14,41.6
2024-10-21,Sports,South,39,79.16,3087.24,894.12,29.0
2024-10-21,Clothing,North,24,115.51,2772.24,842.89,30.4
2024-10-21,Food & Beverage,North,45,31.58,1421.1,539.75,38.0
2024-10-21,Sports,West,23,83.4,1918.2,630.12,32.8
2024-10-21,Books,East,8,39.53,316.24,112.43,35.6
2024-10-21,Food & Beverage,South,36,28.59,1029.24,296.99,28.9
2024-10-21,Sports,East,55,145.67,8011.85,2852.67,35.6
2024-10-21,Food & Beverage,North,6,47.46,284.76,57.17,20.1
2024-10-22,Electronics,West,7,288.49,2019.43,439.68,21.8
2024-10-22,Books,North,41,25.54,1047.14,401.77,38.4
2024-10-22,Electronics,East,55,269.5,14822.5,2208.17,14.9
2024-10-22,Sports,West,8,55.2,441.6,138.62,31.4
2024-10-22,Electronics,East,51,487.09,24841.59,4314.53,17.4
2024-10-22,Sports,North,24,184.91,4437.84,1426.82,32.2
2024-10-22,Food & Beverage,East,20,44.87,897.4,304.24,33.9
2024-10-22,Sports,South,1,163.83,163.83,49.63,30.3
2024-10-22,Electronics,North,10,473.82,4738.2,1086.47,22.9
2024-10-23,Books,East,22,14.13,310.86,118.63,38.2
2024-10-23,Sports,South,36,175.71,6325.56,1635.36,25.9
2024-10-23,Sports,North,52,215.91,11227.32,3433.54,30.6
2024-10-23,Sports,South,26,164.48,4276.48,1383.25,32.3
2024-10-23,Sports,South,7,133.02,931.14,228.38,24.5
2024-10-23,Electronics,West,54,400.11,21605.94,5167.42,23.9
2024-10-23,Books,South,21,13.07,274.47,74.51,27.1
2024-10-23,Sports,North,41,182.4,7478.4,1874.16,25.1
2024-10-24,Books,North,37,23.27,860.99,362.25,42.1
2024-10-24,Clothing,West,41,81.31,3333.71,1298.58,39.0
2024-10-24,Clothing,South,20,31.82,636.4,324.64,51.0
2024-10-24,Sports,East,43,30.78,1323.54,313.14,23.7
2024-10-24,Clothing,North,41,136.16,5582.56,2884.7,51.7
2024-10-24,Electronics,West,60,330.28,19816.8,2653.87,13.4
2024-10-24,Food & Beverage,East,58,13.78,799.24,156.23,19.5
2024-10-24,Food & Beverage,South,26,8.58,223.08,75.64,33.9
2024-10-25,Electronics,West,41,112.05,4594.05,961.78,20.9
2024-10-25,Sports,East,41,192.67,7899.47,3015.31,38.2
2024-10-25,Clothing,East,1,115.38,115.38,53.64,46.5
2024-10-25,Books,North,8,45.11,360.88,172.7,47.9
2024-10-25,Sports,North,11,131.0,1441.0,390.37,27.1
2024-10-25,Electronics,South,39,83.17,3243.63,398.95,12.3
2024-10-25,Books,South,14,32.17,450.38,124.49,27.6
2024-10-26,Electronics,East,9,180.91,1628.19,349.42,21.5
2024-10-26,Clothing,East,18,68.84,1239.12,667.03,53.8
2024-10-26,Food & Beverage,East,30,40.46,1213.8,338.84,27.9
2024-10-26,Books,West,60,14.18,850.8,246.55,29.0
2024-10-26,Food & Beverage,West,7,31.26,218.82,72.93,33.3
2024-10-27,Clothing,South,47,59.6,2801.2,1458.62,52.1
2024-10-27,Sports,East,53,81.24,4305.72,1039.88,24.2
2024-10-27,Sports,West,13,122.09,1587.17,467.89,29.5
2024-10-27,Electronics,West,11,453.57,4989.27,1220.14,24.5
2024-10-27,Food & Beverage,West,19,32.17,611.23,217.26,35.5
2024-10-27,Books,East,26,9.41,244.66,71.29,29.1
2024-10-28,Sports,South,23,57.74,1328.02,349.32,26.3
2024-10-28,Food & Beverage,East,10,42.08,420.8,86.04,20.4
2024-10-28,Food & Beverage,North,46,22.77,1047.42,286.02,27.3
2024-10-28,Food & Beverage,South,36,7.18,258.48,61.19,23.7
2024-10-28,Clothing,South,7,66.51,465.57,223.04,47.9
2024-10-28,Electronics,West,44,397.6,17494.4,2822.05,16.1
2024-10-29,Clothing,South,4,89.36,357.44,151.79,42.5
2024-10-29,Food & Beverage,West,8,10.58,84.64,18.13,21.4
2024-10-29,Food & Beverage,West,16,30.94,495.04,117.33,23.7
2024-10-29,Books,North,59,26.19,1545.21,432.88,28.0
2024-10-29,Sports,North,58,133.43,7738.94,2519.05,32.6
2024-10-29,Food & Beverage,North,5,30.07,150.35,52.02,34.6
2024-10-30,Food & Beverage,East,21,40.86,858.06,223.15,26.0
2024-10-30,Books,East,32,28.97,927.04,315.62,34.0
2024-10-30,Sports,West,55,135.4,7447.0,2994.4,40.2
2024-10-30,Food & Beverage,North,2,17.34,34.68,11.97,34.5
2024-10-30,Clothing,North,21,121.26,2546.46,1225.01,48.1
2024-10-30,Clothing,South,6,31.56,189.36,99.52,52.6
2024-10-30,Food & Beverage,North,60,41.37,2482.2,472.85,19.0
2024-10-31,Electronics,North,4,549.47,2197.88,285.19,13.0
2024-10-31,Food & Beverage,West,18,36.44,655.92,239.39,36.5
2024-10-31,Books,West,8,12.04,96.32,43.17,44.8
2024-10-31,Books,West,41,22.3,914.3,254.31,27.8
2024-10-31,Books,South,37,20.96,775.52,281.3,36.3
2024-10-31,Food & Beverage,East,50,39.78,1989.0,447.86,22.5
2024-10-31,Food & Beverage,East,46,9.16,421.36,122.91,29.2
2024-10-31,Clothing,South,45,20.87,939.15,509.9,54.3
2024-10-31,Electronics,South,1,325.45,325.45,58.86,18.1
2024-10-31,Sports,South,32,34.93,1117.76,292.55,26.2
2024-11-01,Books,East,49,52.17,2556.33,1055.66,41.3
2024-11-01,Clothing,North,59,52.73,3111.07,1646.3,52.9
2024-11-01,Sports,West,56,171.19,9586.64,2498.32,26.1
2024-11-01,Sports,South,5,81.91,409.55,103.55,25.3
2024-11-01,Food & Beverage,North,10,38.49,384.9,77.53,20.1
2024-11-01,Electronics,South,2,655.95,1311.9,189.33,14.4
2024-11-01,Electronics,West,43,484.75,20844.25,3455.03,16.6
2024-11-01,Electronics,North,23,480.64,11054.72,1543.02,14.0
2024-11-02,Sports,East,4,135.74,542.96,159.61,29.4
2024-11-02,Electronics,West,47,751.63,35326.61,5129.82,14.5
2024-11-02,Clothing,West,12,123.8,1485.6,642.36,43.2
2024-11-02,Sports,West,7,185.39,1297.73,453.26,34.9
2024-11-02,Electronics,South,8,147.34,1178.72,146.91,12.5
2024-11-02,Food & Beverage,South,5,33.87,169.35,39.81,23.5
2024-11-02,Books,West,26,26.74,695.24,208.97,30.1
2024-11-02,Food & Beverage,West,14,16.51,231.14,51.02,22.1
2024-11-03,Food & Beverage,East,47,7.02,329.94,71.6,21.7
2024-11-03,Books,West,48,23.1,1108.8,508.42,45.9
2024-11-03,Clothing,South,21,124.63,2617.23,894.21,34.2
2024-11-03,Food & Beverage,West,10,62.79,627.9,196.66,31.3
2024-11-03,Sports,East,2,70.92,141.84,38.69,27.3
2024-11-03,Electronics,South,44,575.01,25300.44,3068.07,12.1
2024-11-03,Food & Beverage,West,38,6.56,249.28,88.41,35.5
2024-11-03,Sports,North,3,250.27,750.81,250.36,33.3
2024-11-03,Food & Beverage,South,34,32.34,1099.56,363.95,33.1
2024-11-04,Electronics,North,20,768.45,15369.0,2514.95,16.4
2024-11-04,Sports,East,35,90.53,3168.55,1005.38,31.7
2024-11-04,Food & Beverage,West,1,54.92,54.92,13.19,24.0
2024-11-04,Food & Beverage,West,8,22.29,178.32,50.62,28.4
2024-11-04,Electronics,South,27,633.07,17092.89,3516.31,20.6
2024-11-04,Clothing,East,32,30.65,980.8,435.86,44.4
2024-11-04,Sports,East,14,210.19,2942.66,761.47,25.9
2024-11-04,Sports,North,18,265.94,4786.92,1703.0,35.6
2024-11-04,Sports,South,17,215.11,3656.87,1059.65,29.0
2024-11-04,Food & Beverage,West,38,30.91,1174.58,444.92,37.9
2024-11-05,Clothing,North,38,128.08,4867.04,1877.79,38.6
2024-11-05,Books,North,28,50.01,1400.28,532.57,38.0
2024-11-05,Food & Beverage,East,8,66.37,530.96,148.55,28.0
2024-11-05,Clothing,West,44,49.24,2166.56,1173.56,54.2
2024-11-05,Books,South,20,27.59,551.8,146.15,26.5
2024-11-05,Food & Beverage,North,30,10.23,306.9,72.61,23.7
2024-11-06,Electronics,North,32,383.54,12273.28,2159.39,17.6
2024-11-06,Electronics,North,17,253.63,4311.71,1009.95,23.4
2024-11-06,Books,South,6,36.06,216.36,61.19,28.3
2024-11-06,Clothing,West,38,178.27,6774.26,2524.77,37.3
2024-11-06,Electronics,West,60,366.31,21978.6,4956.66,22.6
2024-11-06,Sports,West,26,252.26,6558.76,1571.66,24.0
2024-11-06,Food & Beverage,East,39,25.91,1010.49,295.85,29.3
2024-11-06,Food & Beverage,South,44,46.27,2035.88,468.26,23.0
2024-11-07,Books,South,20,20.78,415.6,132.32,31.8
2024-11-07,Sports,South,25,188.17,4704.25,1819.46,38.7
2024-11-07,Electronics,South,34,382.46,13003.64,2090.0,16.1
2024-11-07,Food & Beverage,West,23,31.52,724.96,191.46,26.4
2024-11-07,Sports,West,2,239.54,479.08,107.93,22.5
2024-11-07,Sports,North,49,67.73,3318.77,1332.05,40.1
2024-11-07,Clothing,East,9,134.72,1212.48,636.53,52.5
2024-11-08,Electronics,West,9,398.78,3589.02,433.46,12.1
2024-11-08,Books,West,54,12.66,683.64,179.51,26.3
2024-11-08,Electronics,East,39,203.12,7921.68,1249.84,15.8
2024-11-08,Sports,East,56,42.25,2366.0,870.91,36.8
2024-11-08,Books,North,45,21.77,979.65,277.39,28.3
2024-11-08,Sports,South,15,211.9,3178.5,1105.91,34.8
2024-11-09,Food & Beverage,East,47,67.58,3176.26,575.82,18.1
2024-11-09,Sports,South,8,37.54,300.32,75.26,25.1
2024-11-09,Electronics,North,16,305.08,4881.28,886.37,18.2
2024-11-09,Books,West,26,12.72,330.72,91.95,27.8
2024-11-09,Sports,West,12,217.94,2615.28,1015.63,38.8
2024-11-10,Food & Beverage,West,55,45.0,2475.0,506.48,20.5
2024-11-10,Clothing,North,12,54.97,659.64,320.68,48.6
2024-11-10,Clothing,South,33,133.74,4413.42,1927.21,43.7
2024-11-10,Sports,West,19,93.73,1780.87,427.42,24.0
2024-11-10,Books,West,24,38.18,916.32,311.52,34.0
2024-11-10,Electronics,West,27,674.67,18216.09,2536.8,13.9
2024-11-10,Food & Beverage,West,8,39.51,316.08,57.59,18.2
2024-11-10,Food & Beverage,North,42,51.23,2151.66,670.11,31.1
2024-11-11,Electronics,East,9,464.56,4181.04,894.74,21.4
2024-11-11,Food & Beverage,North,11,31.54,346.94,121.83,35.1
2024-11-11,Books,South,23,43.15,992.45,367.96,37.1
2024-11-11,Books,North,12,43.34,520.08,172.11,33.1
2024-11-11,Books,East,30,42.16,1264.8,545.05,43.1
2024-11-11,Food & Beverage,East,60,31.02,1861.2,676.05,36.3
2024-11-11,Sports,West,31,167.77,5200.87,1331.81,25.6
2024-11-12,Books,East,9,41.4,372.6,143.61,38.5
2024-11-12,Books,East,38,37.89,1439.82,493.67,34.3
2024-11-12,Electronics,North,55,713.57,39246.35,5891.72,15.0
2024-11-12,Electronics,West,60,584.5,35070.0,5684.0,16.2
2024-11-12,Clothing,South,7,157.65,1103.55,379.07,34.3
2024-11-12,Sports,West,60,41.06,2463.6,843.49,34.2
2024-11-12,Electronics,North,55,726.75,39971.25,7090.85,17.7
2024-11-12,Food & Beverage,North,60,19.19,1151.4,232.04,20.2
2024-11-12,Sports,West,9,257.4,2316.6,775.5,33.5
2024-11-13,Clothing,East,32,102.38,3276.16,1217.17,37.2
2024-11-13,Clothing,South,28,144.65,4050.2,2033.88,50.2
2024-11-13,Clothing,North,38,32.28,1226.64,662.33,54.0
2024-11-13,Electronics,South,3,605.09,1815.27,428.64,23.6
2024-11-13,Food & Beverage,West,37,38.47,1423.39,276.7,19.4
2024-11-14,Books,West,13,45.03,585.39,223.14,38.1
2024-11-14,Sports,East,23,179.26,4122.98,1367.76,33.2
2024-11-14,Clothing,North,29,110.2,3195.8,1259.24,39.4
2024-11-14,Electronics,North,9,751.83,6766.47,1074.31,15.9
2024-11-14,Electronics,West,15,162.59,2438.85,464.04,19.0
2024-11-15,Clothing,East,60,171.29,10277.4,4086.36,39.8
2024-11-15,Food & Beverage,North,56,66.1,3701.6,1383.0,37.4
2024-11-15,Electronics,South,55,428.34,23558.7,4699.07,19.9
2024-11-15,Food & Beverage,West,40,9.81,392.4,125.37,32.0
2024-11-16,Books,West,60,48.56,2913.6,904.68,31.1
2024-11-16,Electronics,North,22,472.86,10402.92,1519.52,14.6
2024-11-16,Electronics,South,14,446.08,6245.12,1345.22,21.5
2024-11-16,Electronics,South,32,159.3,5097.6,1239.94,24.3
2024-11-17,Electronics,East,5,804.65,4023.25,795.63,19.8
2024-11-17,Books,North,57,38.34,2185.38,1022.14,46.8
2024-11-17,Food & Beverage,North,7,9.87,69.09,19.45,28.2
2024-11-17,Food & Beverage,West,31,24.25,751.75,263.09,35.0
2024-11-17,Clothing,North,60,38.29,2297.4,1133.54,49.3
2024-11-17,Clothing,West,44,138.84,6108.96,1860.32,30.5
2024-11-17,Sports,North,25,235.94,5898.5,2118.08,35.9
2024-11-17,Sports,West,36,58.24,2096.64,644.91,30.8
2024-11-18,Food & Beverage,East,13,27.9,362.7,131.88,36.4
2024-11-18,Clothing,South,6,110.6,663.6,236.76,35.7
2024-11-18,Books,North,52,12.67,658.84,273.79,41.6
2024-11-18,Electronics,North,4,245.13,980.52,140.68,14.3
2024-11-18,Electronics,East,23,559.46,12867.58,3033.6,23.6
2024-11-18,Food & Beverage,South,39,26.8,1045.2,325.6,31.2
2024-11-18,Electronics,North,17,872.37,14830.29,2176.52,14.7
2024-11-18,Food & Beverage,South,29,43.4,1258.6,463.52,36.8
2024-11-19,Books,East,56,39.47,2210.32,820.41,37.1
2024-11-19,Food & Beverage,East,45,40.08,1803.6,362.3,20.1
2024-11-19,Food & Beverage,West,46,62.11,2857.06,792.1,27.7
2024-11-19,Electronics,South,59,198.14,11690.26,2886.0,24.7
2024-11-19,Clothing,East,48,122.74,5891.52,1948.25,33.1
2024-11-19,Clothing,North,16,162.52,2600.32,1202.59,46.2
2024-11-19,Sports,North,2,164.16,328.32,74.45,22.7
2024-11-19,Food & Beverage,West,20,54.89,1097.8,216.16,19.7
2024-11-19,Food & Beverage,West,32,7.6,243.2,62.39,25.7
2024-11-19,Sports,North,15,85.26,1278.9,328.53,25.7
2024-11-20,Books,North,43,26.56,1142.08,427.77,37.5
2024-11-20,Food & Beverage,North,59,48.43,2857.37,1024.75,35.9
2024-11-20,Food & Beverage,South,49,7.29,357.21,116.15,32.5
2024-11-20,Books,West,56,28.19,1578.64,659.43,41.8
2024-11-20,Electronics,North,36,447.13,16096.68,3440.96,21.4
2024-11-20,Food & Beverage,West,28,40.0,1120.0,328.9,29.4
2024-11-20,Books,East,11,52.87,581.57,207.9,35.7
2024-11-21,Clothing,North,18,182.08,3277.44,1762.42,53.8
2024-11-21,Electronics,South,50,443.49,22174.5,3633.94,16.4
2024-11-21,Sports,North,40,103.71,4148.4,1135.62,27.4
2024-11-21,Food & Beverage,North,8,28.12,224.96,70.22,31.2
2024-11-21,Food & Beverage,South,29,30.21,876.09,234.78,26.8
2024-11-22,Electronics,East,31,584.39,18116.09,3484.79,19.2
2024-11-22,Sports,North,38,282.54,10736.52,2955.65,27.5
2024-11-22,Books,East,5,30.16,150.8,46.65,30.9
2024-11-22,Food & Beverage,East,56,37.23,2084.88,470.11,22.5
2024-11-22,Clothing,South,56,115.03,6441.68,2012.35,31.2
2024-11-22,Electronics,North,12,676.14,8113.68,1881.35,23.2
2024-11-22,Books,East,3,35.09,105.27,31.84,30.2
2024-11-23,Food & Beverage,East,2,48.49,96.98,34.09,35.1
2024-11-23,Food & Beverage,North,39,23.26,907.14,183.09,20.2
2024-11-23,Books,West,8,31.66,253.28,77.13,30.5
2024-11-23,Food & Beverage,East,54,57.36,3097.44,815.23,26.3
2024-11-23,Sports,East,10,33.37,333.7,113.92,34.1
2024-11-23,Food & Beverage,East,27,61.95,1672.65,426.43,25.5
2024-11-23,Food & Beverage,North,11,32.25,354.75,84.49,23.8
2024-11-23,Clothing,North,7,145.27,1016.89,510.49,50.2
2024-11-23,Books,East,14,27.47,384.58,147.69,38.4
2024-11-24,Clothing,West,49,191.63,9389.87,3001.11,32.0
2024-11-24,Electronics,South,37,419.71,15529.27,3023.19,19.5
2024-11-24,Books,West,35,40.89,1431.15,636.79,44.5
2024-11-24,Books,North,39,34.56,1347.84,499.54,37.1
2024-11-24,Sports,East,18,75.22,1353.96,453.64,33.5
2024-11-24,Clothing,East,16,166.14,2658.24,1447.06,54.4
2024-11-24,Clothing,West,21,149.7,3143.7,1033.82,32.9
2024-11-24,Clothing,West,47,184.88,8689.36,3497.31,40.2
2024-11-24,Electronics,East,36,491.18,17682.48,4224.39,23.9
2024-11-25,Sports,South,29,189.0,5481.0,1457.69,26.6
2024-11-25,Clothing,South,50,159.08,7954.0,3726.66,46.9
2024-11-25,Clothing,East,51,75.81,3866.31,1463.25,37.8
2024-11-25,Electronics,West,27,467.38,12619.26,1757.76,13.9
2024-11-25,Sports,South,58,61.29,3554.82,1104.89,31.1
2024-11-25,Clothing,North,27,78.48,2118.96,929.47,43.9
2024-11-25,Sports,North,9,263.87,2374.83,918.52,38.7
2024-11-25,Electronics,South,5,195.26,976.3,227.18,23.3
2024-11-25,Sports,West,23,55.82,1283.86,461.4,35.9
2024-11-26,Food & Beverage,North,22,67.85,1492.7,536.88,36.0
2024-11-26,Books,North,47,14.12,663.64,278.67,42.0
2024-11-26,Food & Beverage,West,59,30.42,1794.78,484.5,27.0
2024-11-26,Sports,East,49,144.52,7081.48,1748.57,24.7
2024-11-26,Clothing,North,10,200.63,2006.3,899.6,44.8
2024-11-27,Sports,West,21,128.63,2701.23,869.08,32.2
2024-11-27,Books,East,50,15.15,757.5,241.18,31.8
2024-11-27,Food & Beverage,North,37,42.3,1565.1,446.11,28.5
2024-11-27,Books,West,19,23.83,452.77,146.37,32.3
2024-11-27,Clothing,South,3,144.67,434.01,209.91,48.4
2024-11-27,Clothing,West,34,70.75,2405.5,1250.61,52.0
2024-11-28,Electronics,East,19,251.24,4773.56,751.45,15.7
2024-11-28,Sports,West,15,233.17,3497.55,971.25,27.8
2024-11-28,Food & Beverage,North,60,23.06,1383.6,326.15,23.6
2024-11-28,Electronics,South,36,622.5,22410.0,4888.35,21.8
2024-11-28,Electronics,North,58,564.38,32734.04,7328.14,22.4
2024-11-28,Electronics,West,54,680.65,36755.1,6176.34,16.8
2024-11-29,Books,West,47,28.9,1358.3,378.99,27.9
2024-11-29,Sports,East,59,54.23,3199.57,1155.89,36.1
2024-11-29,Electronics,West,57,418.48,23853.36,3678.12,15.4
2024-11-29,Clothing,East,47,143.16,6728.52,3647.6,54.2
2024-11-29,Electronics,South,47,160.17,7527.99,1056.74,14.0
2024-11-29,Food & Beverage,East,30,45.56,1366.8,386.22,28.3
2024-11-30,Electronics,East,58,786.89,45639.62,8048.05,17.6
2024-11-30,Books,East,13,47.67,619.71,249.16,40.2
2024-11-30,Electronics,North,16,252.98,4047.68,683.68,16.9
2024-11-30,Clothing,South,17,92.68,1575.56,663.51,42.1
2024-11-30,Clothing,West,19,46.14,876.66,402.12,45.9
2024-11-30,Electronics,South,1,377.88,377.88,69.45,18.4
2024-11-30,Books,South,46,16.03,737.38,255.26,34.6
2024-11-30,Food & Beverage,West,41,40.66,1667.06,512.69,30.8
2024-11-30,Sports,South,57,86.6,4936.2,1314.9,26.6
2024-11-30,Food & Beverage,West,32,53.11,1699.52,439.23,25.8
2024-12-01,Books,West,19,14.42,273.98,75.58,27.6
2024-12-01,Food & Beverage,West,29,25.54,740.66,231.44,31.2
2024-12-01,Electronics,South,30,693.58,20807.4,4283.82,20.6
2024-12-01,Food & Beverage,West,46,13.99,643.54,229.38,35.6
2024-12-01,Sports,West,44,80.96,3562.24,990.97,27.8
2024-12-01,Books,South,57,41.22,2349.54,808.41,34.4
2024-12-02,Food & Beverage,East,44,26.33,1158.52,299.22,25.8
2024-12-02,Sports,West,26,87.0,2262.0,522.36,23.1
2024-12-02,Sports,South,22,157.4,3462.8,793.42,22.9
2024-12-02,Sports,West,15,159.97,2399.55,607.82,25.3
2024-12-02,Clothing,North,40,145.6,5824.0,1935.34,33.2
2024-12-02,Books,North,47,12.97,609.59,205.56,33.7
2024-12-02,Food & Beverage,East,50,53.88,2694.0,519.11,19.3
2024-12-02,Electronics,South,24,439.05,10537.2,2614.05,24.8
2024-12-03,Books,West,56,40.26,2254.56,714.12,31.7
2024-12-03,Clothing,East,22,98.12,2158.64,946.0,43.8
2024-12-03,Clothing,North,3,190.95,572.85,280.0,48.9
2024-12-03,Books,North,33,31.0,1023.0,369.84,36.2
2024-12-03,Clothing,East,20,29.48,589.6,269.97,45.8
2024-12-03,Clothing,North,18,172.48,3104.64,1562.41,50.3
2024-12-03,Sports,West,9,217.48,1957.32,773.78,39.5
2024-12-03,Electronics,North,5,537.09,2685.45,567.85,21.1
2024-12-03,Sports,North,1,229.75,229.75,75.44,32.8
2024-12-03,Clothing,North,48,141.24,6779.52,2696.76,39.8
2024-12-04,Books,East,51,25.06,1278.06,470.12,36.8
2024-12-04,Electronics,East,18,458.2,8247.6,1096.59,13.3
2024-12-04,Books,West,25,22.52,563.0,152.8,27.1
2024-12-04,Sports,East,31,97.18,3012.58,1086.26,36.1
2024-12-04,Books,South,25,10.0,250.0,91.08,36.4
2024-12-04,Sports,East,49,161.6,7918.4,1913.57,24.2
2024-12-04,Clothing,North,26,176.6,4591.6,1890.69,41.2
2024-12-04,Sports,North,42,113.49,4766.58,1185.71,24.9
2024-12-04,Electronics,North,36,278.0,10008.0,2326.14,23.2
2024-12-04,Sports,South,6,53.16,318.96,109.5,34.3
2024-12-05,Books,South,4,38.09,152.36,46.92,30.8
2024-12-05,Food & Beverage,East,54,16.08,868.32,212.12,24.4
2024-12-05,Books,West,56,10.63,595.28,243.35,40.9
2024-12-05,Books,West,35,31.19,1091.65,513.82,47.1
2024-12-05,Clothing,East,30,150.24,4507.2,1931.82,42.9
2024-12-05,Electronics,North,28,687.58,19252.24,3250.53,16.9
2024-12-05,Electronics,South,34,567.68,19301.12,2733.15,14.2
2024-12-06,Electronics,North,57,475.01,27075.57,3849.98,14.2
2024-12-06,Books,West,9,41.56,374.04,140.58,37.6
2024-12-06,Sports,North,19,61.54,1169.26,490.09,41.9
2024-12-06,Food & Beverage,East,40,61.47,2458.8,719.84,29.3
2024-12-06,Clothing,South,19,100.72,1913.68,671.92,35.1
2024-12-06,Books,East,34,37.33,1269.22,455.12,35.9
2024-12-06,Clothing,East,60,156.93,9415.8,5169.71,54.9
2024-12-07,Clothing,West,1,77.37,77.37,26.68,34.5
2024-12-07,Sports,North,1,113.82,113.82,29.31,25.8
2024-12-07,Electronics,West,22,191.65,4216.3,848.52,20.1
2024-12-07,Books,South,5,22.48,112.4,42.56,37.9
2024-12-07,Clothing,East,41,27.69,1135.29,395.26,34.8
2024-12-08,Sports,East,24,180.74,4337.76,1304.16,30.1
2024-12-08,Food & Beverage,South,5,37.05,185.25,37.16,20.1
2024-12-08,Clothing,East,12,71.58,858.96,279.66,32.6
2024-12-08,Books,West,22,34.35,755.7,337.26,44.6
2024-12-08,Books,East,52,43.12,2242.24,878.18,39.2
2024-12-08,Sports,South,11,23.96,263.56,70.2,26.6
2024-12-09,Electronics,South,10,214.88,2148.8,502.17,23.4
2024-12-09,Food & Beverage,North,58,72.72,4217.76,874.74,20.7
2024-12-09,Sports,West,43,136.38,5864.34,1645.02,28.1
2024-12-09,Electronics,South,36,353.04,12709.44,2803.82,22.1
2024-12-09,Sports,East,20,233.36,4667.2,1322.66,28.3
2024-12-10,Books,South,11,44.76,492.36,217.49,44.2
2024-12-10,Clothing,West,36,98.2,3535.2,1674.89,47.4
2024-12-10,Food & Beverage,North,36,68.01,2448.36,760.02,31.0
2024-12-10,Clothing,North,56,98.25,5502.0,2291.69,41.7
2024-12-11,Food & Beverage,West,14,42.59,596.26,211.83,35.5
2024-12-11,Clothing,West,24,54.07,1297.68,631.85,48.7
2024-12-11,Electronics,South,29,333.53,9672.37,1405.74,14.5
2024-12-11,Books,East,22,15.03,330.66,110.72,33.5
2024-12-11,Food & Beverage,North,39,25.84,1007.76,311.84,30.9
2024-12-11,Sports,West,3,259.0,777.0,280.38,36.1
2024-12-11,Food & Beverage,North,37,62.86,2325.82,820.17,35.3
2024-12-11,Sports,West,32,66.66,2133.12,789.23,37.0
2024-12-11,Books,North,3,29.64,88.92,34.77,39.1
2024-12-12,Clothing,South,56,150.26,8414.56,2698.6,32.1
2024-12-12,Electronics,North,29,639.84,18555.36,2376.98,12.8
2024-12-12,Electronics,East,55,271.42,14928.1,2982.94,20.0
2024-12-12,Electronics,East,54,608.56,32862.24,7786.93,23.7
2024-12-12,Clothing,East,34,27.7,941.8,439.0,46.6
2024-12-12,Sports,North,5,81.82,409.1,152.29,37.2
2024-12-12,Clothing,East,6,55.64,333.84,103.87,31.1
2024-12-12,Books,South,45,28.28,1272.6,368.78,29.0
2024-12-12,Electronics,East,18,529.93,9538.74,1290.62,13.5
2024-12-13,Books,North,37,56.46,2089.02,564.61,27.0
2024-12-13,Electronics,South,47,167.47,7871.09,1269.41,16.1
2024-12-13,Electronics,South,51,121.51,6197.01,1257.58,20.3
2024-12-13,Sports,North,57,224.8,12813.6,3451.3,26.9
2024-12-13,Clothing,South,20,29.66,593.2,282.65,47.6
2024-12-13,Clothing,East,9,124.87,1123.83,453.46,40.3
2024-12-13,Clothing,East,57,60.34,3439.38,1873.84,54.5
2024-12-14,Sports,East,6,147.66,885.96,297.45,33.6
2024-12-14,Food & Beverage,West,54,43.42,2344.68,812.07,34.6
2024-12-14,Electronics,West,10,489.5,4895.0,721.46,14.7
2024-12-14,Sports,East,42,226.54,9514.68,3608.48,37.9
2024-12-14,Clothing,East,45,196.04,8821.8,3863.09,43.8
2024-12-14,Food & Beverage,North,33,59.51,1963.83,454.91,23.2
2024-12-15,Food & Beverage,North,60,15.23,913.8,284.8,31.2
2024-12-15,Clothing,West,9,102.5,922.5,351.24,38.1
2024-12-15,Books,West,43,34.88,1499.84,386.64,25.8
2024-12-15,Electronics,East,56,770.16,43128.96,6065.55,14.1
2024-12-15,Sports,East,22,186.48,4102.56,984.78,24.0
2024-12-15,Food & Beverage,East,11,35.5,390.5,84.83,21.7
2024-12-15,Electronics,West,52,542.36,28202.72,5560.58,19.7
2024-12-16,Sports,West,31,221.18,6856.58,1854.81,27.1
2024-12-16,Food & Beverage,East,31,48.51,1503.81,360.97,24.0
2024-12-16,Clothing,North,27,109.88,2966.76,1089.81,36.7
2024-12-16,Books,West,38,11.59,440.42,161.99,36.8
2024-12-16,Food & Beverage,South,37,45.43,1680.91,346.23,20.6
2024-12-16,Food & Beverage,North,6,28.28,169.68,56.53,33.3
2024-12-16,Food & Beverage,West,26,16.17,420.42,75.75,18.0
2024-12-16,Clothing,South,57,47.62,2714.34,1022.99,37.7
2024-12-16,Clothing,South,55,52.34,2878.7,928.5,32.3
2024-12-17,Clothing,East,1,109.4,109.4,42.25,38.6
2024-12-17,Sports,West,45,75.72,3407.4,1071.5,31.4
2024-12-17,Sports,West,46,82.8,3808.8,1536.43,40.3
2024-12-17,Sports,South,21,184.1,3866.1,953.79,24.7
2024-12-17,Food & Beverage,East,53,48.27,2558.31,907.01,35.5
2024-12-18,Sports,North,23,161.3,3709.9,1365.56,36.8
2024-12-18,Books,North,15,54.33,814.95,237.13,29.1
2024-12-18,Clothing,East,24,85.15,2043.6,1033.67,50.6
2024-12-18,Books,West,59,13.61,802.99,243.24,30.3
2024-12-18,Sports,South,3,67.89,203.67,62.54,30.7
2024-12-18,Food & Beverage,West,42,17.02,714.84,150.22,21.0
2024-12-18,Food & Beverage,West,44,54.54,2399.76,448.67,18.7
2024-12-18,Sports,South,11,107.26,1179.86,381.65,32.3
2024-12-19,Sports,North,23,214.52,4933.96,1185.54,24.0
2024-12-19,Sports,North,11,115.75,1273.25,426.46,33.5
2024-12-19,Sports,West,1,139.76,139.76,57.58,41.2
2024-12-19,Sports,West,50,38.76,1938.0,591.08,30.5
2024-12-20,Electronics,West,33,378.54,12491.82,2268.03,18.2
2024-12-20,Food & Beverage,East,8,55.07,440.56,165.72,37.6
2024-12-20,Books,West,56,38.47,2154.32,613.1,28.5
2024-12-20,Food & Beverage,East,13,38.45,499.85,151.41,30.3
2024-12-20,Sports,West,4,134.75,539.0,122.88,22.8
2024-12-20,Sports,West,24,37.72,905.28,307.67,34.0
2024-12-20,Food & Beverage,East,28,27.55,771.4,184.54,23.9
2024-12-20,Electronics,East,12,341.31,4095.72,713.55,17.4
2024-12-20,Sports,East,20,183.56,3671.2,1245.11,33.9
2024-12-21,Electronics,West,16,245.76,3932.16,745.33,19.0
2024-12-21,Clothing,South,41,96.21,3944.61,2063.74,52.3
2024-12-21,Food & Beverage,West,45,42.61,1917.45,697.48,36.4
2024-12-21,Books,West,3,13.58,40.74,13.68,33.6
2024-12-21,Clothing,North,25,126.64,3166.0,1523.95,48.1
2024-12-21,Food & Beverage,East,28,31.44,880.32,190.84,21.7
2024-12-22,Food & Beverage,North,54,68.85,3717.9,1386.9,37.3
2024-12-22,Clothing,East,20,133.79,2675.8,1163.41,43.5
2024-12-22,Clothing,North,24,138.37,3320.88,1174.94,35.4
2024-12-22,Sports,East,48,196.55,9434.4,2425.99,25.7
2024-12-22,Books,North,39,31.03,1210.17,352.99,29.2
2024-12-22,Food & Beverage,East,1,31.84,31.84,5.85,18.4
2024-12-22,Sports,South,18,79.64,1433.52,487.13,34.0
2024-12-22,Food & Beverage,North,15,22.6,339.0,109.09,32.2
2024-12-22,Clothing,North,40,83.21,3328.4,1591.0,47.8
2024-12-23,Sports,West,41,165.28,6776.48,2224.66,32.8
2024-12-23,Sports,North,22,121.55,2674.1,773.55,28.9
2024-12-23,Sports,South,30,203.33,6099.9,1950.72,32.0
2024-12-23,Books,South,44,23.96,1054.24,361.26,34.3
2024-12-23,Books,North,41,35.24,1444.84,688.52,47.7
2024-12-23,Electronics,South,48,710.85,34120.8,5732.12,16.8
2024-12-23,Food & Beverage,East,29,48.26,1399.54,260.19,18.6
2024-12-23,Books,South,40,22.52,900.8,314.61,34.9
2024-12-23,Electronics,East,36,659.4,23738.4,5902.75,24.9
2024-12-23,Sports,South,25,151.26,3781.5,1474.53,39.0
2024-12-24,Sports,South,14,232.34,3252.76,1086.91,33.4
2024-12-24,Clothing,South,50,139.16,6958.0,3364.99,48.4
2024-12-24,Sports,West,23,201.8,4641.4,1409.3,30.4
2024-12-24,Books,East,21,44.58,936.18,369.76,39.5
2024-12-25,Food & Beverage,West,15,56.75,851.25,237.47,27.9
2024-12-25,Sports,East,53,254.46,13486.38,3390.39,25.1
2024-12-25,Clothing,West,19,24.56,466.64,236.8,50.7
2024-12-25,Sports,South,44,214.47,9436.68,2799.59,29.7
2024-12-25,Sports,West,27,70.2,1895.4,428.0,22.6
2024-12-25,Clothing,South,40,115.33,4613.2,2536.0,55.0
2024-12-25,Books,West,2,23.92,47.84,14.71,30.7
2024-12-25,Books,West,44,14.18,623.92,209.12,33.5
2024-12-25,Books,West,36,31.67,1140.12,335.65,29.4
2024-12-26,Sports,East,47,242.2,11383.4,2903.25,25.5
2024-12-26,Clothing,East,9,76.88,691.92,362.3,52.4
2024-12-26,Clothing,West,30,65.17,1955.1,881.38,45.1
2024-12-26,Clothing,South,30,97.23,2916.9,956.13,32.8
2024-12-26,Books,East,56,51.11,2862.16,820.38,28.7
2024-12-27,Electronics,North,48,172.18,8264.64,1718.99,20.8
2024-12-27,Books,West,56,26.43,1480.08,636.58,43.0
2024-12-27,Food & Beverage,North,46,59.72,2747.12,850.01,30.9
2024-12-27,Books,North,29,34.96,1013.84,422.76,41.7
2024-12-27,Food & Beverage,West,54,54.61,2948.94,984.22,33.4
2024-12-27,Food & Beverage,West,46,60.75,2794.5,854.71,30.6
2024-12-27,Sports,West,51,55.03,2806.53,699.38,24.9
2024-12-28,Books,North,47,20.04,941.88,324.92,34.5
2024-12-28,Food & Beverage,South,59,18.65,1100.35,304.27,27.7
2024-12-28,Food & Beverage,North,22,50.67,1114.74,217.17,19.5
2024-12-28,Sports,South,49,78.16,3829.84,1068.75,27.9
2024-12-28,Sports,East,51,137.96,7035.96,1910.86,27.2
2024-12-28,Food & Beverage,North,49,16.89,827.61,235.34,28.4
2024-12-29,Clothing,East,37,89.18,3299.66,1230.13,37.3
2024-12-29,Clothing,East,31,150.99,4680.69,2192.06,46.8
2024-12-29,Clothing,South,10,113.45,1134.5,584.03,51.5
2024-12-29,Food & Beverage,South,2,50.65,101.3,30.05,29.7
2024-12-30,Books,North,17,29.38,499.46,183.29,36.7
2024-12-30,Books,West,31,36.13,1120.03,323.91,28.9
2024-12-30,Food & Beverage,South,38,50.74,1928.12,468.26,24.3
2024-12-30,Food & Beverage,West,56,60.68,3398.08,1052.3,31.0
2024-12-30,Books,West,12,30.53,366.36,123.6,33.7
2024-12-31,Electronics,East,15,352.65,5289.75,789.02,14.9
2024-12-31,Food & Beverage,North,42,20.72,870.24,243.46,28.0
2024-12-31,Books,North,54,47.66,2573.64,1128.15,43.8
2024-12-31,Books,South,48,16.94,813.12,327.51,40.3
2024-12-31,Sports,North,22,166.45,3661.9,1004.44,27.4
2024-12-31,Books,North,52,14.64,761.28,289.55,38.0
2024-12-31,Clothing,South,17,142.15,2416.55,835.33,34.6
2024-12-31,Clothing,South,45,130.07,5853.15,2015.58,34.4
2024-12-31,Books,East,36,23.04,829.44,349.12,42.1
2025-01-01,Electronics,South,34,186.44,6338.96,931.86,14.7
2025-01-01,Clothing,West,30,25.32,759.6,395.3,52.0
2025-01-01,Electronics,East,51,363.55,18541.05,2698.38,14.6
2025-01-01,Electronics,West,6,279.94,1679.64,223.37,13.3
2025-01-01,Books,South,39,21.23,827.97,315.41,38.1
2025-01-01,Books,West,56,36.96,2069.76,860.18,41.6
2025-01-01,Sports,South,38,193.09,7337.42,2515.87,34.3
2025-01-01,Sports,North,17,232.95,3960.15,1347.52,34.0
2025-01-01,Sports,South,22,130.24,2865.28,925.03,32.3
2025-01-02,Food & Beverage,East,56,30.4,1702.4,422.58,24.8
2025-01-02,Books,East,41,23.19,950.79,451.4,47.5
2025-01-02,Clothing,West,1,48.52,48.52,26.37,54.4
2025-01-02,Sports,West,11,67.84,746.24,277.67,37.2
2025-01-02,Food & Beverage,North,60,50.36,3021.6,750.83,24.8
2025-01-02,Books,South,13,29.63,385.19,163.88,42.5
2025-01-02,Clothing,East,33,49.42,1630.86,801.74,49.2
2025-01-02,Sports,North,44,110.65,4868.6,1664.6,34.2
2025-01-02,Books,South,21,11.7,245.7,104.73,42.6
2025-01-03,Clothing,South,40,76.11,3044.4,1161.2,38.1
2025-01-03,Books,West,42,27.05,1136.1,392.96,34.6
2025-01-03,Food & Beverage,South,60,15.15,909.0,333.48,36.7
2025-01-03,Food & Beverage,East,10,19.72,197.2,64.16,32.5
2025-01-03,Food & Beverage,West,20,24.14,482.8,124.9,25.9
2025-01-03,Sports,North,49,282.85,13859.65,3202.43,23.1
2025-01-03,Sports,East,42,225.18,9457.56,3924.86,41.5
2025-01-03,Food & Beverage,North,53,42.2,2236.6,495.9,22.2
2025-01-03,Food & Beverage,East,54,22.9,1236.6,302.19,24.4
2025-01-03,Sports,East,36,164.89,5936.04,1542.72,26.0
2025-01-04,Books,West,55,16.77,922.35,246.38,26.7
2025-01-04,Clothing,East,47,68.64,3226.08,1549.54,48.0
2025-01-04,Sports,North,50,207.35,10367.5,3707.01,35.8
2025-01-04,Sports,South,18,231.25,4162.5,1403.69,33.7
2025-01-04,Electronics,North,4,400.94,1603.76,250.0,15.6
2025-01-05,Sports,East,8,143.23,1145.84,453.95,39.6
2025-01-05,Electronics,East,50,407.01,20350.5,4622.83,22.7
2025-01-05,Clothing,East,37,37.8,1398.6,450.35,32.2
2025-01-05,Clothing,East,37,76.01,2812.37,1308.24,46.5
2025-01-05,Books,East,45,9.13,410.85,175.67,42.8
2025-01-05,Electronics,East,55,243.3,13381.5,2949.97,22.0
2025-01-06,Clothing,South,21,57.76,1212.96,503.62,41.5
2025-01-06,Food & Beverage,South,44,43.84,1928.96,447.14,23.2
2025-01-06,Books,North,9,13.59,122.31,42.13,34.4
2025-01-06,Sports,West,52,37.24,1936.48,630.67,32.6
2025-01-06,Books,East,2,27.41,54.82,26.26,47.9
2025-01-06,Books,East,51,26.5,1351.5,425.73,31.5
2025-01-06,Food & Beverage,North,48,9.66,463.68,92.01,19.8
2025-01-06,Books,North,35,15.02,525.7,193.51,36.8
2025-01-06,Electronics,West,40,353.07,14122.8,2045.2,14.5
2025-01-07,Sports,East,30,138.18,4145.4,1642.03,39.6
2025-01-07,Clothing,East,5,35.78,178.9,79.4,44.4
2025-01-07,Sports,West,57,31.03,1768.71,592.43,33.5
2025-01-07,Electronics,West,2,83.59,167.18,27.07,16.2
2025-01-08,Food & Beverage,South,38,31.82,1209.16,296.64,24.5
2025-01-08,Sports,South,50,196.41,9820.5,3978.0,40.5
2025-01-08,Books,South,13,29.46,382.98,113.9,29.7
2025-01-08,Clothing,North,2,81.66,163.32,87.56,53.6
2025-01-08,Electronics,South,35,203.74,7130.9,919.92,12.9
2025-01-09,Food & Beverage,South,43,12.96,557.28,134.07,24.1
2025-01-09,Sports,East,15,257.35,3860.25,1016.97,26.3
2025-01-09,Food & Beverage,North,9,51.17,460.53,169.88,36.9
2025-01-09,Electronics,West,2,266.46,532.92,115.49,21.7
2025-01-09,Clothing,West,4,61.92,247.68,99.02,40.0
2025-01-09,Clothing,West,38,100.52,3819.76,1234.6,32.3
2025-01-09,Clothing,North,11,108.61,1194.71,394.36,33.0
2025-01-09,Sports,East,48,271.86,13049.28,3954.27,30.3
2025-01-09,Clothing,North,52,78.46,4079.92,1711.5,41.9
2025-01-09,Books,North,30,9.79,293.7,99.1,33.7
2025-01-10,Sports,North,23,126.88,2918.24,822.93,28.2
2025-01-10,Electronics,West,55,353.84,19461.2,2915.61,15.0
2025-01-10,Electronics,West,57,277.97,15844.29,3860.78,24.4
2025-01-10,Food & Beverage,East,3,11.9,35.7,8.2,23.0
2025-01-10,Books,North,9,28.29,254.61,71.86,28.2
2025-01-10,Sports,North,4,190.34,761.36,199.45,26.2
2025-01-10,Food & Beverage,East,40,24.85,994.0,210.23,21.1
2025-01-11,Clothing,South,48,89.99,4319.52,2017.94,46.7
2025-01-11,Food & Beverage,North,51,14.15,721.65,201.71,28.0
2025-01-11,Food & Beverage,West,41,21.79,893.39,311.15,34.8
2025-01-11,Books,East,2,34.72,69.44,22.66,32.6
2025-01-11,Sports,North,48,264.56,12698.88,5114.03,40.3
2025-01-12,Books,West,49,27.15,1330.35,493.29,37.1
2025-01-12,Clothing,North,1,59.35,59.35,21.11,35.6
2025-01-12,Sports,North,8,290.59,2324.72,727.37,31.3
2025-01-12,Sports,West,9,226.52,2038.68,778.54,38.2
2025-01-13,Food & Beverage,West,31,45.48,1409.88,326.21,23.1
2025-01-13,Food & Beverage,East,40,36.83,1473.2,293.58,19.9
2025-01-13,Sports,South,9,69.59,626.31,154.05,24.6
2025-01-13,Clothing,South,43,21.27,914.61,296.06,32.4
2025-01-14,Food & Beverage,North,16,17.46,279.36,60.6,21.7
2025-01-14,Food & Beverage,East,46,51.27,2358.42,739.77,31.4
2025-01-14,Books,East,49,38.62,1892.38,615.83,32.5
2025-01-14,Food & Beverage,South,38,34.32,1304.16,456.65,35.0
2025-01-14,Sports,North,51,83.15,4240.65,1087.45,25.6
2025-01-14,Clothing,North,54,113.22,6113.88,2081.6,34.0
2025-01-14,Food & Beverage,North,37,30.63,1133.31,398.4,35.2
2025-01-15,Books,West,29,39.77,1153.33,408.55,35.4
2025-01-15,Food & Beverage,West,8,38.52,308.16,95.87,31.1
2025-01-15,Books,East,22,41.89,921.58,269.89,29.3
2025-01-15,Food & Beverage,West,50,29.7,1485.0,464.28,31.3
2025-01-15,Food & Beverage,East,5,42.2,211.0,55.98,26.5
2025-01-16,Books,South,7,13.74,96.18,34.16,35.5
2025-01-16,Electronics,North,36,436.23,15704.28,2142.36,13.6
2025-01-16,Food & Beverage,East,29,25.86,749.94,282.62,37.7
2025-01-16,Electronics,South,26,381.97,9931.22,2335.14,23.5
2025-01-17,Clothing,South,54,77.81,4201.74,2075.57,49.4
2025-01-17,Clothing,East,34,82.0,2788.0,942.18,33.8
2025-01-17,Books,North,52,28.82,1498.64,560.6,37.4
2025-01-17,Books,South,24,11.77,282.48,114.83,40.6
2025-01-17,Books,South,54,34.0,1836.0,761.39,41.5
2025-01-17,Books,West,55,14.47,795.85,207.92,26.1
2025-01-17,Sports,East,25,248.67,6216.75,2576.23,41.4
2025-01-17,Sports,West,21,57.85,1214.85,495.21,40.8
2025-01-18,Electronics,East,46,329.09,15138.14,2429.8,16.1
2025-01-18,Books,North,4,36.99,147.96,41.76,28.2
2025-01-18,Sports,South,49,228.12,11177.88,4642.07,41.5
2025-01-18,Clothing,West,51,31.74,1618.74,655.19,40.5
2025-01-19,Clothing,South,54,46.61,2516.94,897.48,35.7
2025-01-19,Food & Beverage,South,58,20.76,1204.08,391.56,32.5
2025-01-19,Books,South,14,19.97,279.58,113.12,40.5
2025-01-19,Food & Beverage,North,41,11.82,484.62,117.39,24.2
2025-01-19,Electronics,West,15,357.38,5360.7,851.53,15.9
2025-01-19,Electronics,West,10,109.57,1095.7,270.93,24.7
2025-01-19,Food & Beverage,East,3,23.28,69.84,25.02,35.8
2025-01-19,Electronics,West,28,325.69,9119.32,2133.11,23.4
2025-01-20,Sports,East,15,155.76,2336.4,555.4,23.8
2025-01-20,Books,East,16,37.61,601.76,242.47,40.3
2025-01-20,Sports,West,4,175.31,701.24,275.61,39.3
2025-01-20,Food & Beverage,East,58,17.14,994.12,279.91,28.2
2025-01-20,Sports,East,23,47.72,1097.56,263.66,24.0
2025-01-20,Sports,South,38,127.64,4850.32,1640.46,33.8
2025-01-20,Food & Beverage,North,50,48.51,2425.5,673.25,27.8
2025-01-20,Books,West,39,24.61,959.79,444.2,46.3
2025-01-20,Sports,North,39,58.91,2297.49,890.6,38.8
2025-01-21,Electronics,North,8,558.93,4471.44,675.28,15.1
2025-01-21,Books,West,53,20.6,1091.8,459.86,42.1
2025-01-21,Food & Beverage,West,55,25.73,1415.15,499.1,35.3
2025-01-21,Electronics,West,53,418.19,22164.07,4804.51,21.7
2025-01-21,Sports,North,14,182.46,2554.44,574.31,22.5
2025-01-21,Food & Beverage,North,19,53.39,1014.41,345.28,34.0
2025-01-21,Sports,East,23,228.37,5252.51,1516.98,28.9
2025-01-21,Clothing,East,29,102.15,2962.35,1129.03,38.1
2025-01-21,Food & Beverage,South,14,27.12,379.68,133.91,35.3
2025-01-22,Food & Beverage,West,49,20.68,1013.32,347.66,34.3
2025-01-22,Sports,North,22,124.57,2740.54,897.93,32.8
2025-01-22,Clothing,East,54,49.47,2671.38,1411.94,52.9
2025-01-22,Electronics,West,21,341.16,7164.36,1455.31,20.3
2025-01-22,Sports,South,17,203.67,3462.39,1097.88,31.7
2025-01-22,Food & Beverage,West,58,21.27,1233.66,261.34,21.2
2025-01-22,Clothing,East,2,28.04,56.08,24.98,44.5
2025-01-22,Books,East,49,27.21,1333.29,387.88,29.1
2025-01-22,Books,North,13,12.64,164.32,67.98,41.4
2025-01-23,Sports,East,10,203.19,2031.9,663.55,32.7
2025-01-23,Sports,South,59,104.53,6167.27,2399.08,38.9
2025-01-23,Food & Beverage,North,21,57.47,1206.87,324.05,26.9
2025-01-23,Electronics,South,36,130.59,4701.24,1170.83,24.9
2025-01-23,Electronics,West,15,429.96,6449.4,1598.32,24.8
2025-01-23,Clothing,South,29,74.73,2167.17,767.16,35.4
2025-01-23,Electronics,East,16,509.38,8150.08,1886.57,23.1
2025-01-23,Sports,West,27,156.18,4216.86,1769.71,42.0
2025-01-23,Clothing,West,12,104.03,1248.36,555.8,44.5
2025-01-24,Books,West,48,16.37,785.76,340.44,43.3
2025-01-24,Food & Beverage,East,28,22.74,636.72,229.23,36.0
2025-01-24,Clothing,East,35,55.12,1929.2,1040.85,54.0
2025-01-24,Clothing,East,56,106.98,5990.88,2849.31,47.6
2025-01-24,Books,South,7,35.45,248.15,106.8,43.0
2025-01-24,Books,West,35,18.03,631.05,274.93,43.6
2025-01-24,Books,South,47,17.23,809.81,333.23,41.1
2025-01-24,Books,South,30,14.95,448.5,198.43,44.2
2025-01-24,Sports,West,32,164.31,5257.92,1224.74,23.3
2025-01-25,Electronics,West,36,353.12,12712.32,3005.95,23.6
2025-01-25,Sports,South,5,167.03,835.15,194.66,23.3
2025-01-25,Food & Beverage,East,58,39.64,2299.12,741.98,32.3
2025-01-25,Sports,West,46,204.86,9423.56,2324.52,24.7
2025-01-25,Sports,South,43,118.61,5100.23,1671.24,32.8
2025-01-26,Food & Beverage,East,15,32.18,482.7,171.45,35.5
2025-01-26,Sports,South,50,137.04,6852.0,2441.12,35.6
2025-01-26,Food & Beverage,North,40,8.49,339.6,112.37,33.1
2025-01-26,Books,North,50,45.17,2258.5,883.49,39.1
2025-01-26,Books,West,47,13.16,618.52,182.32,29.5
2025-01-26,Books,South,54,12.42,670.68,267.85,39.9
2025-01-26,Sports,North,22,53.88,1185.36,485.08,40.9
2025-01-26,Books,West,52,21.04,1094.08,448.76,41.0
2025-01-26,Clothing,East,12,26.32,315.84,122.8,38.9
2025-01-27,Sports,East,32,49.59,1586.88,431.79,27.2
2025-01-27,Clothing,South,23,106.64,2452.72,1123.96,45.8
2025-01-27,Food & Beverage,West,49,9.23,452.27,104.72,23.2
2025-01-27,Books,North,36,11.38,409.68,137.58,33.6
2025-01-27,Clothing,North,34,18.77,638.18,243.6,38.2
2025-01-27,Food & Beverage,North,52,52.59,2734.68,800.37,29.3
2025-01-27,Electronics,South,13,312.59,4063.67,750.83,18.5
2025-01-27,Books,South,23,9.99,229.77,93.55,40.7
2025-01-27,Clothing,East,37,35.26,1304.62,535.12,41.0
2025-01-28,Clothing,South,53,90.9,4817.7,1481.85,30.8
2025-01-28,Electronics,North,52,543.24,28248.48,6823.54,24.2
2025-01-28,Electronics,East,44,163.56,7196.64,1348.68,18.7
2025-01-28,Electronics,West,13,333.47,4335.11,1082.28,25.0
2025-01-28,Food & Beverage,West,60,34.63,2077.8,719.65,34.6
2025-01-28,Sports,North,43,179.11,7701.73,2215.55,28.8
2025-01-28,Food & Beverage,South,16,43.4,694.4,193.15,27.8
2025-01-28,Sports,North,23,45.68,1050.64,437.56,41.6
2025-01-28,Sports,North,55,169.79,9338.45,3293.69,35.3
2025-01-28,Food & Beverage,West,49,29.59,1449.91,319.25,22.0
2025-01-29,Clothing,West,49,35.79,1753.71,940.1,53.6
2025-01-29,Sports,West,28,114.23,3198.44,1017.4,31.8
2025-01-29,Sports,North,21,180.93,3799.53,1299.18,34.2
2025-01-29,Food & Beverage,West,51,39.68,2023.68,676.25,33.4
2025-01-29,Electronics,North,13,549.29,7140.77,1141.99,16.0
2025-01-29,Books,South,42,16.23,681.66,177.93,26.1
2025-01-30,Electronics,East,25,167.01,4175.25,1024.37,24.5
2025-01-30,Electronics,West,48,293.52,14088.96,3246.08,23.0
2025-01-30,Books,East,44,31.89,1403.16,644.69,45.9
2025-01-30,Electronics,West,12,454.79,5457.48,1160.33,21.3
2025-01-31,Clothing,West,14,74.97,1049.58,475.73,45.3
2025-01-31,Electronics,West,14,458.13,6413.82,866.65,13.5
2025-01-31,Food & Beverage,North,58,18.19,1055.02,361.58,34.3
2025-01-31,Food & Beverage,South,25,37.98,949.5,241.51,25.4
2025-02-01,Sports,North,10,52.33,523.3,140.89,26.9
2025-02-01,Food & Beverage,West,44,30.67,1349.48,476.03,35.3
2025-02-01,Food & Beverage,South,57,30.96,1764.72,640.15,36.3
2025-02-01,Sports,North,27,193.48,5223.96,1543.3,29.5
2025-02-01,Clothing,West,17,78.01,1326.17,605.57,45.7
2025-02-01,Sports,North,45,181.8,8181.0,2010.71,24.6
2025-02-01,Clothing,North,41,31.06,1273.46,432.63,34.0
2025-02-01,Sports,North,12,134.15,1609.8,408.04,25.3
2025-02-01,Food & Beverage,West,19,29.13,553.47,131.14,23.7
2025-02-01,Books,East,7,33.97,237.79,81.05,34.1
2025-02-02,Electronics,West,13,133.39,1734.07,432.52,24.9
2025-02-02,Sports,West,7,40.05,280.35,63.81,22.8
2025-02-02,Sports,South,6,141.53,849.18,323.78,38.1
2025-02-02,Clothing,West,40,53.94,2157.6,1045.54,48.5
2025-02-02,Sports,North,43,216.26,9299.18,3471.92,37.3
2025-02-03,Clothing,East,3,78.46,235.38,126.43,53.7
2025-02-03,Food & Beverage,East,59,13.54,798.86,217.62,27.2
2025-02-03,Electronics,West,25,144.3,3607.5,569.75,15.8
2025-02-03,Electronics,South,12,309.09,3709.08,607.05,16.4
2025-02-03,Sports,North,56,114.19,6394.64,2485.5,38.9
2025-02-04,Books,East,36,13.81,497.16,186.85,37.6
2025-02-04,Food & Beverage,North,8,41.19,329.52,86.33,26.2
2025-02-04,Books,North,40,35.71,1428.4,594.98,41.7
2025-02-04,Food & Beverage,East,3,12.03,36.09,7.25,20.1
2025-02-04,Clothing,North,25,17.66,441.5,138.9,31.5
2025-02-04,Sports,North,55,69.48,3821.4,1320.89,34.6
2025-02-04,Books,North,2,33.08,66.16,30.4,45.9
2025-02-04,Books,West,19,29.94,568.86,192.82,33.9
2025-02-05,Clothing,West,40,41.25,1650.0,899.3,54.5
2025-02-05,Sports,West,59,181.74,10722.66,3333.08,31.1
2025-02-05,Food & Beverage,South,10,16.12,161.2,52.58,32.6
2025-02-05,Sports,East,57,51.3,2924.1,1076.07,36.8
2025-02-05,Sports,East,10,29.04,290.4,87.72,30.2
2025-02-05,Books,South,26,10.8,280.8,110.66,39.4
2025-02-05,Clothing,West,27,107.78,2910.06,1208.1,41.5
2025-02-05,Sports,West,25,103.43,2585.75,743.56,28.8
2025-02-05,Sports,South,47,103.85,4880.95,1313.96,26.9
2025-02-06,Clothing,South,56,82.42,4615.52,2289.44,49.6
2025-02-06,Food & Beverage,West,36,43.81,1577.16,533.74,33.8
2025-02-06,Food & Beverage,East,14,23.81,333.34,91.35,27.4
2025-02-06,Books,West,20,36.95,739.0,347.2,47.0
2025-02-06,Books,West,4,14.38,57.52,18.85,32.8
2025-02-06,Clothing,West,60,69.34,4160.4,1435.67,34.5
2025-02-06,Sports,North,45,65.74,2958.3,986.53,33.3
2025-02-06,Clothing,East,48,90.79,4357.92,2145.45,49.2
2025-02-06,Sports,South,10,84.63,846.3,265.5,31.4
2025-02-07,Clothing,West,21,79.09,1660.89,815.24,49.1
2025-02-07,Books,North,44,12.77,561.88,148.92,26.5
2025-02-07,Electronics,North,59,508.47,29999.73,3805.7,12.7
2025-02-07,Electronics,East,60,481.7,28902.0,4230.99,14.6
2025-02-07,Clothing,South,20,92.94,1858.8,726.3,39.1
2025-02-07,Food & Beverage,West,31,20.24,627.44,134.93,21.5
2025-02-07,Food & Beverage,North,52,34.83,1811.16,652.31,36.0
2025-02-07,Clothing,South,27,24.69,666.63,351.69,52.8
2025-02-07,Sports,South,36,107.48,3869.28,1214.62,31.4
2025-02-07,Food & Beverage,South,8,31.39,251.12,52.57,20.9
2025-02-08,Electronics,North,9,517.15,4654.35,844.6,18.1
2025-02-08,Sports,South,50,21.23,1061.5,379.62,35.8
2025-02-08,Food & Beverage,West,38,30.74,1168.12,314.77,26.9
2025-02-08,Electronics,West,43,318.05,13676.15,3215.65,23.5
2025-02-08,Electronics,East,5,162.16,810.8,163.07,20.1
2025-02-08,Sports,South,8,178.85,1430.8,541.12,37.8
2025-02-08,Clothing,East,19,94.18,1789.42,961.26,53.7
2025-02-09,Food & Beverage,West,2,32.98,65.96,19.66,29.8
2025-02-09,Clothing,East,55,43.61,2398.55,1027.43,42.8
2025-02-09,Books,North,32,20.92,669.44,193.06,28.8
2025-02-09,Clothing,East,17,65.24,1109.08,452.77,40.8
2025-02-10,Food & Beverage,West,43,8.61,370.23,107.46,29.0
2025-02-10,Clothing,North,48,86.52,4152.96,1560.17,37.6
2025-02-10,Clothing,West,25,55.78,1394.5,660.74,47.4
2025-02-10,Food & Beverage,West,22,21.51,473.22,133.69,28.3
2025-02-11,Sports,West,46,81.58,3752.68,1533.27,40.9
2025-02-11,Food & Beverage,South,32,15.91,509.12,100.12,19.7
2025-02-11,Sports,North,52,160.91,8367.32,2374.0,28.4
2025-02-11,Books,North,2,39.04,78.08,34.0,43.5
2025-02-11,Electronics,South,5,138.95,694.75,89.24,12.8
2025-02-11,Books,South,50,9.72,486.0,129.93,26.7
2025-02-11,Electronics,East,56,484.83,27150.48,3506.48,12.9
2025-02-11,Books,West,41,35.95,1473.95,634.99,43.1
2025-02-11,Electronics,North,4,432.1,1728.4,252.24,14.6
2025-02-11,Electronics,South,6,343.5,2061.0,271.86,13.2
2025-02-12,Clothing,South,4,81.25,325.0,128.94,39.7
2025-02-12,Books,South,31,30.75,953.25,393.59,41.3
2025-02-12,Sports,South,31,64.67,2004.77,712.16,35.5
2025-02-12,Electronics,West,12,293.19,3518.28,458.58,13.0
2025-02-12,Clothing,East,10,112.57,1125.7,499.65,44.4
2025-02-12,Clothing,North,45,109.22,4914.9,1705.71,34.7
2025-02-12,Food & Beverage,South,11,20.48,225.28,78.22,34.7
2025-02-13,Books,West,33,28.5,940.5,282.34,30.0
2025-02-13,Food & Beverage,East,48,16.63,798.24,144.8,18.1
2025-02-13,Food & Beverage,East,49,12.87,630.63,121.29,19.2
2025-02-13,Sports,East,58,159.52,9252.16,3182.46,34.4
2025-02-13,Sports,North,44,181.24,7974.56,2896.54,36.3
2025-02-13,Electronics,North,21,376.07,7897.47,1888.47,23.9
2025-02-14,Books,North,37,18.86,697.82,309.23,44.3
2025-02-14,Sports,East,48,174.27,8364.96,2460.04,29.4
2025-02-14,Food & Beverage,West,21,29.57,620.97,204.3,32.9
2025-02-14,Clothing,South,3,78.79,236.37,95.12,40.2
2025-02-14,Sports,East,60,171.49,10289.4,4208.8,40.9
2025-02-14,Sports,West,56,181.84,10183.04,3161.17,31.0
2025-02-15,Sports,West,2,177.21,354.42,133.85,37.8
2025-02-15,Sports,South,26,77.25,2008.5,616.36,30.7
2025-02-15,Clothing,South,38,102.9,3910.2,1385.18,35.4
2025-02-15,Electronics,West,31,142.96,4431.76,726.15,16.4
2025-02-15,Electronics,West,26,146.49,3808.74,867.9,22.8
2025-02-16,Books,East,15,14.78,221.7,86.37,39.0
2025-02-16,Sports,West,28,190.52,5334.56,1344.12,25.2
2025-02-16,Electronics,East,7,113.51,794.57,128.74,16.2
2025-02-16,Sports,East,10,65.44,654.4,267.43,40.9
2025-02-16,Clothing,West,32,16.36,523.52,197.37,37.7
2025-02-16,Clothing,East,41,49.99,2049.59,931.78,45.5
2025-02-16,Books,North,39,13.96,544.44,171.41,31.5
2025-02-16,Food & Beverage,South,24,27.4,657.6,180.65,27.5
2025-02-16,Electronics,West,24,255.14,6123.36,901.54,14.7
2025-02-16,Food & Beverage,South,59,39.81,2348.79,569.6,24.3
2025-02-17,Food & Beverage,East,37,42.76,1582.12,505.75,32.0
2025-02-17,Clothing,East,51,85.5,4360.5,2366.81,54.3
2025-02-17,Clothing,South,53,90.96,4820.88,2035.12,42.2
2025-02-17,Sports,North,21,128.77,2704.17,646.61,23.9
2025-02-17,Clothing,East,6,74.1,444.6,184.81,41.6
2025-02-17,Food & Beverage,North,29,25.91,751.39,164.28,21.9
2025-02-17,Food & Beverage,South,24,38.83,931.92,178.75,19.2
2025-02-18,Clothing,North,21,60.26,1265.46,575.99,45.5
2025-02-18,Books,South,51,15.06,768.06,248.55,32.4
2025-02-18,Food & Beverage,South,53,37.33,1978.49,430.6,21.8
2025-02-18,Books,North,19,36.19,687.61,288.22,41.9
2025-02-18,Clothing,East,16,102.93,1646.88,668.22,40.6
2025-02-19,Electronics,East,17,174.07,2959.19,469.01,15.8
2025-02-19,Electronics,West,6,234.83,1408.98,311.18,22.1
2025-02-19,Clothing,West,41,55.11,2259.51,766.53,33.9
2025-02-19,Sports,East,7,198.07,1386.49,431.46,31.1
2025-02-19,Clothing,West,19,32.1,609.9,202.57,33.2
2025-02-19,Electronics,North,4,511.12,2044.48,392.2,19.2
2025-02-19,Food & Beverage,South,21,38.19,801.99,204.51,25.5
2025-02-19,Electronics,West,42,216.03,9073.26,1298.74,14.3
2025-02-19,Books,North,42,19.61,823.62,313.05,38.0
2025-02-19,Books,North,57,28.03,1597.71,665.03,41.6
2025-02-20,Clothing,West,5,112.33,561.65,188.14,33.5
2025-02-20,Electronics,South,46,160.84,7398.64,1613.69,21.8
2025-02-20,Food & Beverage,East,6,24.75,148.5,49.03,33.0
2025-02-20,Sports,West,35,31.19,1091.65,331.07,30.3
2025-02-20,Sports,South,36,151.3,5446.8,2085.43,38.3
2025-02-20,Sports,South,8,141.57,1132.56,445.93,39.4
2025-02-20,Clothing,South,4,74.43,297.72,130.82,43.9
2025-02-20,Electronics,South,31,88.03,2728.93,405.16,14.8
2025-02-20,Clothing,South,56,26.51,1484.56,563.93,38.0
2025-02-21,Sports,North,33,181.47,5988.51,1907.01,31.8
2025-02-21,Sports,North,3,64.43,193.29,43.92,22.7
2025-02-21,Clothing,West,1,51.69,51.69,16.55,32.0
2025-02-21,Food & Beverage,South,26,13.12,341.12,97.99,28.7
2025-02-21,Books,East,18,27.09,487.62,179.2,36.8
2025-02-21,Clothing,South,49,70.92,3475.08,1333.12,38.4
2025-02-21,Food & Beverage,East,26,10.88,282.88,67.06,23.7
2025-02-22,Sports,West,14,53.27,745.78,170.29,22.8
2025-02-22,Electronics,South,13,359.19,4669.47,1006.93,21.6
2025-02-22,Food & Beverage,South,57,28.53,1626.21,391.39,24.1
2025-02-22,Sports,North,42,152.61,6409.62,2136.77,33.3
2025-02-23,Food & Beverage,South,33,5.46,180.18,32.88,18.2
2025-02-23,Clothing,East,14,70.83,991.62,475.96,48.0
2025-02-23,Food & Beverage,West,26,32.08,834.08,177.7,21.3
2025-02-23,Sports,West,36,127.41,4586.76,1738.38,37.9
2025-02-23,Clothing,North,40,30.2,1208.0,362.48,30.0
2025-02-23,Electronics,North,55,97.42,5358.1,833.99,15.6
2025-02-23,Electronics,East,29,252.21,7314.09,1417.87,19.4
2025-02-23,Clothing,North,4,61.69,246.76,113.87,46.1
2025-02-23,Sports,East,5,73.92,369.6,129.63,35.1
2025-02-23,Food & Beverage,North,58,11.96,693.68,144.54,20.8
2025-02-24,Clothing,North,59,94.13,5553.67,2988.46,53.8
2025-02-24,Electronics,West,12,86.02,1032.24,135.42,13.1
2025-02-24,Clothing,West,56,108.08,6052.48,2867.24,47.4
2025-02-24,Food & Beverage,East,2,38.46,76.92,21.23,27.6
2025-02-24,Clothing,South,5,51.07,255.35,100.7,39.4
2025-02-24,Electronics,West,28,428.79,12006.12,2084.44,17.4
2025-02-24,Electronics,North,43,122.43,5264.49,1158.39,22.0
2025-02-25,Food & Beverage,West,13,41.09,534.17,98.76,18.5
2025-02-25,Food & Beverage,South,16,32.43,518.88,177.49,34.2
2025-02-25,Electronics,West,36,479.9,17276.4,3170.37,18.4
2025-02-25,Clothing,North,19,61.21,1162.99,522.78,45.0
2025-02-25,Sports,West,35,49.5,1732.5,609.36,35.2
2025-02-25,Food & Beverage,South,21,34.28,719.88,179.51,24.9
2025-02-26,Books,West,24,22.96,551.04,181.79,33.0
2025-02-26,Food & Beverage,South,53,31.74,1682.22,602.04,35.8
2025-02-26,Books,West,24,38.76,930.24,251.06,27.0
2025-02-26,Food & Beverage,South,22,41.95,922.9,285.26,30.9
2025-02-26,Sports,South,57,24.93,1421.01,456.53,32.1
2025-02-27,Clothing,East,35,85.5,2992.5,1454.95,48.6
2025-02-27,Books,South,53,30.02,1591.06,699.55,44.0
2025-02-27,Sports,North,53,109.73,5815.69,1409.58,24.2
2025-02-27,Books,North,34,13.02,442.68,111.08,25.1
2025-02-27,Books,South,48,13.73,659.04,272.34,41.3
2025-02-27,Food & Beverage,West,8,19.65,157.2,54.59,34.7
2025-02-27,Food & Beverage,West,34,34.56,1175.04,303.82,25.9
2025-02-27,Books,East,48,22.11,1061.28,448.77,42.3
2025-02-27,Electronics,South,41,315.4,12931.4,1813.51,14.0
2025-02-27,Clothing,North,58,113.08,6558.64,2794.82,42.6
2025-02-28,Sports,South,59,29.7,1752.3,718.48,41.0
2025-02-28,Clothing,West,20,101.65,2033.0,885.35,43.5
2025-02-28,Electronics,South,2,78.13,156.26,24.76,15.8
2025-02-28,Clothing,South,53,86.84,4602.52,1462.84,31.8
2025-03-01,Sports,North,28,218.59,6120.52,2156.36,35.2
2025-03-01,Electronics,East,22,255.0,5610.0,825.22,14.7
2025-03-01,Sports,West,41,130.66,5357.06,1223.42,22.8
2025-03-01,Sports,North,32,89.16,2853.12,645.4,22.6
2025-03-01,Sports,West,49,117.02,5733.98,1373.87,24.0
2025-03-01,Books,East,44,24.87,1094.28,280.45,25.6
2025-03-02,Sports,North,31,75.2,2331.2,555.78,23.8
2025-03-02,Clothing,North,30,63.12,1893.6,727.8,38.4
2025-03-02,Books,West,3,18.33,54.99,20.74,37.7
2025-03-02,Sports,South,40,84.52,3380.8,750.74,22.2
2025-03-03,Books,North,60,27.83,1669.8,443.99,26.6
2025-03-03,Clothing,West,18,88.2,1587.6,630.35,39.7
2025-03-03,Books,North,17,30.75,522.75,214.64,41.1
2025-03-03,Sports,South,58,91.18,5288.44,2066.25,39.1
2025-03-03,Electronics,East,39,230.15,8975.85,1205.08,13.4
2025-03-04,Electronics,South,31,255.8,7929.8,957.44,12.1
2025-03-04,Clothing,West,3,46.74,140.22,49.9,35.6
2025-03-04,Books,West,15,30.84,462.6,201.66,43.6
2025-03-04,Electronics,North,11,159.24,1751.64,378.79,21.6
2025-03-04,Books,North,29,27.46,796.34,344.57,43.3
2025-03-05,Electronics,East,41,323.68,13270.88,2314.72,17.4
2025-03-05,Electronics,East,28,329.76,9233.28,1614.84,17.5
2025-03-05,Electronics,North,17,515.97,8771.49,1810.53,20.6
2025-03-05,Sports,West,33,185.47,6120.51,2456.3,40.1
2025-03-05,Clothing,North,2,36.81,73.62,32.58,44.3
2025-03-05,Clothing,West,43,119.63,5144.09,2023.32,39.3
2025-03-05,Food & Beverage,West,5,48.69,243.45,75.77,31.1
2025-03-06,Sports,North,36,31.23,1124.28,292.86,26.0
2025-03-06,Food & Beverage,South,48,32.91,1579.68,287.88,18.2
2025-03-06,Electronics,North,8,345.36,2762.88,427.05,15.5
2025-03-06,Books,North,20,41.6,832.0,234.23,28.2
2025-03-06,Clothing,West,52,37.42,1945.84,906.78,46.6
2025-03-06,Sports,West,14,37.83,529.62,157.6,29.8
2025-03-06,Books,North,10,33.75,337.5,150.97,44.7
2025-03-06,Clothing,North,31,79.24,2456.44,1343.28,54.7
2025-03-07,Clothing,South,41,84.7,3472.7,1770.88,51.0
2025-03-07,Food & Beverage,South,53,15.13,801.89,153.91,19.2
2025-03-07,Sports,North,56,89.34,5003.04,1495.54,29.9
2025-03-07,Clothing,East,26,65.34,1698.84,864.87,50.9
2025-03-07,Clothing,South,31,71.61,2219.91,1104.66,49.8
2025-03-07,Sports,South,16,115.03,1840.48,510.78,27.8
2025-03-07,Electronics,West,39,92.98,3626.22,466.42,12.9
2025-03-07,Electronics,South,50,314.45,15722.5,2641.97,16.8
2025-03-08,Food & Beverage,West,42,41.31,1735.02,630.54,36.3
2025-03-08,Food & Beverage,East,59,19.81,1168.79,432.1,37.0
2025-03-08,Books,West,25,32.24,806.0,357.13,44.3
2025-03-08,Books,South,31,16.91,524.21,214.42,40.9
2025-03-08,Food & Beverage,North,17,38.31,651.27,238.91,36.7
2025-03-08,Food & Beverage,South,21,42.04,882.84,216.15,24.5
2025-03-08,Clothing,South,23,105.39,2423.97,843.45,34.8
2025-03-09,Books,West,18,16.45,296.1,102.89,34.7
2025-03-09,Clothing,South,52,86.26,4485.52,1676.48,37.4
2025-03-09,Food & Beverage,East,14,42.96,601.44,178.24,29.6
2025-03-09,Clothing,North,47,104.52,4912.44,1831.68,37.3
2025-03-09,Clothing,South,39,88.15,3437.85,1745.04,50.8
2025-03-09,Clothing,West,24,40.79,978.96,412.23,42.1
2025-03-10,Books,West,35,18.92,662.2,204.35,30.9
2025-03-10,Electronics,East,8,510.23,4081.84,921.29,22.6
2025-03-10,Sports,North,5,62.11,310.55,126.34,40.7
2025-03-10,Sports,West,60,198.35,11901.0,4007.27,33.7
2025-03-10,Food & Beverage,West,13,16.96,220.48,82.97,37.6
2025-03-10,Sports,North,31,113.49,3518.19,994.34,28.3
2025-03-11,Clothing,North,24,109.04,2616.96,1435.53,54.9
2025-03-11,Electronics,North,18,143.9,2590.2,491.05,19.0
2025-03-11,Clothing,North,60,106.97,6418.2,2604.61,40.6
2025-03-11,Electronics,North,1,145.82,145.82,36.02,24.7
2025-03-11,Food & Beverage,East,28,16.62,465.36,104.28,22.4
2025-03-12,Books,East,60,26.97,1618.2,717.47,44.3
2025-03-12,Clothing,North,36,87.78,3160.08,1550.3,49.1
2025-03-12,Clothing,West,14,71.88,1006.32,306.28,30.4
2025-03-12,Clothing,North,37,106.66,3946.42,2149.49,54.5
2025-03-12,Food & Beverage,West,8,9.31,74.48,26.0,34.9
2025-03-12,Clothing,South,30,71.11,2133.3,1115.65,52.3
2025-03-12,Clothing,East,7,16.1,112.7,52.72,46.8
2025-03-12,Sports,West,29,58.41,1693.89,406.66,24.0
2025-03-13,Sports,West,29,47.07,1365.03,542.77,39.8
2025-03-13,Books,West,2,25.32,50.64,15.82,31.2
2025-03-13,Sports,West,51,177.53,9054.03,2611.71,28.8
2025-03-13,Electronics,West,33,338.57,11172.81,2558.22,22.9
2025-03-14,Clothing,East,10,93.31,933.1,420.12,45.0
2025-03-14,Sports,South,51,83.45,4255.95,1121.81,26.4
2025-03-14,Food & Beverage,West,18,16.19,291.42,69.4,23.8
2025-03-14,Clothing,West,39,107.16,4179.24,2257.47,54.0
2025-03-14,Books,South,42,27.29,1146.18,405.77,35.4
2025-03-14,Electronics,West,37,224.98,8324.26,1411.18,17.0
2025-03-14,Sports,West,47,100.16,4707.52,1434.98,30.5
2025-03-14,Sports,East,23,64.2,1476.6,433.11,29.3
2025-03-15,Sports,South,11,53.5,588.5,198.38,33.7
2025-03-15,Books,South,55,8.25,453.75,153.25,33.8
2025-03-15,Electronics,South,6,339.29,2035.74,286.3,14.1
2025-03-15,Books,North,17,12.12,206.04,95.68,46.4
2025-03-15,Sports,South,19,40.94,777.86,238.94,30.7
2025-03-15,Clothing,South,27,42.95,1159.65,498.8,43.0
2025-03-16,Electronics,North,37,408.18,15102.66,3352.1,22.2
2025-03-16,Clothing,East,36,67.59,2433.24,987.45,40.6
2025-03-16,Clothing,South,2,89.83,179.66,62.67,34.9
2025-03-16,Electronics,North,50,141.03,7051.5,1595.39,22.6
2025-03-16,Clothing,North,50,73.1,3655.0,1791.74,49.0
2025-03-17,Clothing,South,35,101.59,3555.65,1285.05,36.1
2025-03-17,Electronics,East,55,159.76,8786.8,1365.5,15.5
2025-03-17,Electronics,North,26,157.18,4086.68,516.09,12.6
2025-03-17,Clothing,South,16,94.93,1518.88,772.46,50.9
2025-03-17,Books,East,30,16.66,499.8,145.08,29.0
2025-03-17,Electronics,South,11,313.97,3453.67,753.2,21.8
2025-03-17,Electronics,West,9,80.24,722.16,129.92,18.0
2025-03-17,Sports,West,36,117.46,4228.56,1271.86,30.1
2025-03-17,Books,West,42,38.19,1603.98,531.57,33.1
2025-03-18,Books,West,49,16.05,786.45,366.08,46.5
2025-03-18,Clothing,West,9,99.51,895.59,315.0,35.2
2025-03-18,Books,East,54,18.43,995.22,387.15,38.9
2025-03-18,Sports,West,25,73.91,1847.75,415.33,22.5
2025-03-18,Sports,South,49,20.6,1009.4,309.99,30.7
2025-03-18,Clothing,West,56,77.0,4312.0,2111.54,49.0
2025-03-18,Clothing,East,26,42.71,1110.46,337.68,30.4
2025-03-18,Clothing,West,17,66.11,1123.87,468.19,41.7
2025-03-19,Food & Beverage,South,30,9.78,293.4,109.12,37.2
2025-03-19,Clothing,South,58,73.98,4290.84,1395.9,32.5
2025-03-19,Food & Beverage,North,23,29.82,685.86,176.48,25.7
2025-03-19,Sports,North,39,83.85,3270.15,1256.45,38.4
2025-03-19,Books,West,3,37.89,113.67,51.13,45.0
2025-03-19,Sports,North,23,91.61,2107.03,594.33,28.2
2025-03-19,Books,South,1,35.77,35.77,10.14,28.4
2025-03-20,Books,East,4,9.23,36.92,11.09,30.0
2025-03-20,Books,East,2,23.46,46.92,15.33,32.7
2025-03-20,Books,West,23,27.9,641.7,202.48,31.6
2025-03-20,Electronics,North,57,303.75,17313.75,3174.95,18.3
2025-03-20,Books,North,43,37.88,1628.84,680.19,41.8
2025-03-20,Books,North,10,43.53,435.3,146.66,33.7
2025-03-20,Sports,East,10,47.88,478.8,192.96,40.3
2025-03-20,Electronics,West,18,245.65,4421.7,554.68,12.5
2025-03-20,Food & Beverage,North,9,15.82,142.38,41.84,29.4
2025-03-21,Clothing,West,36,74.66,2687.76,1471.84,54.8
2025-03-21,Clothing,North,5,36.98,184.9,57.2,30.9
2025-03-21,Sports,North,15,119.94,1799.1,748.86,41.6
2025-03-21,Sports,North,6,161.57,969.42,370.65,38.2
2025-03-21,Food & Beverage,East,55,27.41,1507.55,559.76,37.1
2025-03-21,Books,East,41,30.74,1260.34,467.77,37.1
2025-03-21,Books,East,52,28.35,1474.2,672.55,45.6
2025-03-22,Electronics,West,31,194.32,6023.92,1458.95,24.2
2025-03-22,Food & Beverage,West,47,49.61,2331.67,443.62,19.0
2025-03-22,Books,East,52,37.4,1944.8,533.84,27.4
2025-03-22,Clothing,South,55,87.54,4814.7,2504.54,52.0
2025-03-22,Clothing,West,58,31.09,1803.22,585.41,32.5
2025-03-23,Books,East,27,33.35,900.45,311.95,34.6
2025-03-23,Food & Beverage,East,6,16.71,100.26,30.54,30.5
2025-03-23,Electronics,East,60,476.18,28570.8,5046.49,17.7
2025-03-23,Sports,South,27,94.65,2555.55,577.86,22.6
2025-03-23,Food & Beverage,North,20,17.95,359.0,127.74,35.6
2025-03-23,Sports,West,38,58.53,2224.14,680.63,30.6
2025-03-23,Clothing,East,16,83.07,1329.12,453.53,34.1
2025-03-23,Clothing,East,38,57.3,2177.4,698.33,32.1
2025-03-24,Electronics,North,10,353.0,3530.0,649.68,18.4
2025-03-24,Electronics,South,4,72.79,291.16,41.66,14.3
2025-03-24,Clothing,East,54,56.19,3034.26,1430.4,47.1
2025-03-24,Food & Beverage,North,3,14.3,42.9,10.38,24.2
2025-03-25,Electronics,North,3,388.74,1166.22,264.48,22.7
2025-03-25,Clothing,South,58,50.44,2925.52,1604.27,54.8
2025-03-25,Electronics,East,38,212.52,8075.76,1847.66,22.9
2025-03-25,Electronics,East,9,112.64,1013.76,201.54,19.9
2025-03-26,Clothing,North,32,90.48,2895.36,1367.36,47.2
2025-03-26,Electronics,West,55,222.24,12223.2,1725.49,14.1
2025-03-26,Sports,West,23,191.31,4400.13,1237.67,28.1
2025-03-26,Sports,West,52,187.49,9749.48,3693.61,37.9
2025-03-26,Food & Beverage,East,14,16.62,232.68,48.8,21.0
2025-03-26,Clothing,North,6,24.34,146.04,75.76,51.9
2025-03-27,Electronics,West,9,142.72,1284.48,166.4,13.0
2025-03-27,Food & Beverage,East,38,16.55,628.9,173.78,27.6
2025-03-27,Sports,North,60,156.37,9382.2,3832.78,40.9
2025-03-27,Books,East,60,32.23,1933.8,881.78,45.6
2025-03-27,Electronics,East,11,256.34,2819.74,464.87,16.5
2025-03-28,Electronics,East,25,166.27,4156.75,767.71,18.5
2025-03-28,Sports,East,29,46.12,1337.48,381.69,28.5
2025-03-28,Sports,East,59,163.04,9619.36,3786.44,39.4
2025-03-28,Clothing,North,56,111.82,6261.92,3372.5,53.9
2025-03-29,Electronics,West,57,495.11,28221.27,3930.15,13.9
2025-03-29,Clothing,South,33,70.57,2328.81,1255.85,53.9
2025-03-29,Clothing,South,27,17.13,462.51,139.82,30.2
2025-03-29,Food & Beverage,East,52,34.3,1783.6,441.33,24.7
2025-03-29,Electronics,West,50,426.22,21311.0,3945.52,18.5
2025-03-29,Clothing,South,22,77.79,1711.38,880.41,51.4
2025-03-29,Books,East,34,21.53,732.02,272.03,37.2
2025-03-30,Books,South,28,29.37,822.36,343.9,41.8
2025-03-30,Electronics,West,47,328.21,15425.87,2433.05,15.8
2025-03-30,Sports,North,19,91.85,1745.15,526.11,30.1
2025-03-30,Electronics,West,54,448.86,24238.44,5836.04,24.1
2025-03-30,Books,South,60,16.28,976.8,376.95,38.6
2025-03-30,Sports,East,20,189.5,3790.0,1479.74,39.0
2025-03-30,Clothing,East,26,45.01,1170.26,506.35,43.3
2025-03-30,Electronics,South,53,241.82,12816.46,2199.4,17.2
2025-03-31,Electronics,North,52,479.99,24959.48,4731.91,19.0
2025-03-31,Books,West,2,24.06,48.12,22.57,46.9
2025-03-31,Food & Beverage,North,32,56.92,1821.44,405.6,22.3
2025-03-31,Books,East,50,12.29,614.5,186.82,30.4
2025-03-31,Sports,East,12,124.02,1488.24,387.02,26.0
2025-03-31,Sports,North,22,156.9,3451.8,1412.88,40.9
2025-03-31,Electronics,North,9,541.71,4875.39,1048.37,21.5
2025-04-01,Food & Beverage,East,27,12.9,348.3,92.4,26.5
2025-04-01,Clothing,East,7,100.1,700.7,260.8,37.2
2025-04-01,Books,North,5,45.37,226.85,102.27,45.1
2025-04-01,Electronics,South,5,366.34,1831.7,408.97,22.3
2025-04-01,Food & Beverage,South,8,35.48,283.84,70.25,24.8
2025-04-02,Books,West,33,11.91,393.03,158.64,40.4
2025-04-02,Food & Beverage,North,23,46.58,1071.34,268.53,25.1
2025-04-02,Sports,South,35,171.08,5987.8,2185.92,36.5
2025-04-02,Books,North,5,15.17,75.85,24.93,32.9
2025-04-02,Books,South,31,35.74,1107.94,469.97,42.4
2025-04-02,Food & Beverage,North,22,49.92,1098.24,371.79,33.9
2025-04-02,Sports,North,52,129.07,6711.64,2566.28,38.2
2025-04-02,Clothing,South,13,72.19,938.47,394.96,42.1
2025-04-03,Electronics,South,54,320.36,17299.44,4128.94,23.9
2025-04-03,Sports,West,25,78.0,1950.0,572.86,29.4
2025-04-03,Electronics,North,29,182.84,5302.36,1029.84,19.4
2025-04-03,Electronics,East,42,233.38,9801.96,2131.59,21.7
2025-04-03,Electronics,East,56,288.4,16150.4,2219.56,13.7
2025-04-03,Electronics,North,38,157.58,5988.04,1103.39,18.4
2025-04-03,Books,East,8,29.4,235.2,60.56,25.7
2025-04-03,Food & Beverage,South,20,26.25,525.0,139.19,26.5
2025-04-04,Electronics,North,20,413.11,8262.2,2063.83,25.0
2025-04-04,Food & Beverage,West,10,17.63,176.3,61.7,35.0
2025-04-04,Electronics,East,5,303.74,1518.7,328.07,21.6
2025-04-04,Sports,North,2,226.12,452.24,129.14,28.6
2025-04-05,Electronics,South,60,270.43,16225.8,3211.75,19.8
2025-04-05,Electronics,East,8,125.96,1007.68,155.53,15.4
2025-04-05,Food & Beverage,East,57,11.1,632.7,186.83,29.5
2025-04-05,Books,North,15,11.01,165.15,53.12,32.2
2025-04-05,Books,North,52,35.43,1842.36,856.88,46.5
2025-04-05,Books,East,59,26.96,1590.64,506.52,31.8
2025-04-05,Sports,North,20,213.2,4264.0,1296.4,30.4
2025-04-05,Food & Beverage,East,48,7.71,370.08,71.7,19.4
2025-04-05,Books,North,7,42.0,294.0,76.38,26.0
2025-04-06,Food & Beverage,West,35,9.81,343.35,72.71,21.2
2025-04-06,Books,South,6,16.82,100.92,29.53,29.3
2025-04-06,Books,North,41,39.09,1602.69,574.04,35.8
2025-04-06,Clothing,South,48,103.96,4990.08,2574.66,51.6
2025-04-06,Books,South,27,7.35,198.45,73.48,37.0
2025-04-06,Food & Beverage,South,32,26.68,853.76,163.81,19.2
2025-04-06,Clothing,West,13,101.63,1321.19,493.04,37.3
2025-04-06,Clothing,West,38,58.21,2211.98,983.41,44.5
2025-04-06,Food & Beverage,South,40,39.17,1566.8,321.08,20.5
2025-04-06,Sports,East,42,135.39,5686.38,1252.66,22.0
2025-04-07,Sports,South,48,58.98,2831.04,695.41,24.6
2025-04-07,Clothing,North,43,47.29,2033.47,971.52,47.8
2025-04-07,Clothing,South,48,17.9,859.2,273.27,31.8
2025-04-07,Sports,South,14,62.8,879.2,213.23,24.3
2025-04-08,Clothing,North,54,101.32,5471.28,2206.78,40.3
2025-04-08,Food & Beverage,South,29,10.35,300.15,97.51,32.5
2025-04-08,Electronics,East,21,514.97,10814.37,1830.16,16.9
2025-04-08,Books,East,29,30.68,889.72,397.96,44.7
2025-04-09,Clothing,West,23,34.74,799.02,372.71,46.6
2025-04-09,Clothing,West,32,114.66,3669.12,1502.0,40.9
2025-04-09,Food & Beverage,North,28,29.74,832.72,160.12,19.2
2025-04-09,Electronics,West,34,201.41,6847.94,1189.78,17.4
2025-04-09,Food & Beverage,South,19,15.81,300.39,79.67,26.5
2025-04-10,Sports,North,38,117.07,4448.66,1248.47,28.1
2025-04-10,Clothing,West,13,87.29,1134.77,418.62,36.9
2025-04-10,Sports,West,18,48.88,879.84,232.38,26.4
2025-04-10,Clothing,North,50,45.56,2278.0,960.12,42.1
2025-04-11,Books,South,8,14.91,119.28,39.99,33.5
2025-04-11,Food & Beverage,North,18,50.36,906.48,256.8,28.3
2025-04-11,Food & Beverage,West,2,7.83,15.66,5.82,37.1
2025-04-11,Electronics,South,58,178.9,10376.2,2337.37,22.5
2025-04-11,Books,South,41,21.51,881.91,327.64,37.2
2025-04-12,Electronics,East,50,388.13,19406.5,3726.11,19.2
2025-04-12,Books,East,1,24.56,24.56,7.2,29.3
2025-04-12,Food & Beverage,West,17,36.32,617.44,144.72,23.4
2025-04-12,Clothing,West,43,103.4,4446.2,2002.54,45.0
2025-04-12,Books,East,7,21.17,148.19,58.34,39.4
2025-04-13,Food & Beverage,North,55,23.15,1273.25,349.22,27.4
2025-04-13,Clothing,East,32,40.84,1306.88,704.9,53.9
2025-04-13,Electronics,North,7,364.97,2554.79,352.07,13.8
2025-04-13,Sports,North,14,119.69,1675.66,547.93,32.7
2025-04-13,Electronics,North,44,570.06,25082.64,4798.66,19.1
2025-04-14,Clothing,South,48,33.77,1620.96,636.58,39.3
2025-04-14,Electronics,East,1,488.93,488.93,84.68,17.3
2025-04-14,Food & Beverage,West,58,14.41,835.78,207.41,24.8
2025-04-14,Clothing,North,6,114.5,687.0,341.97,49.8
2025-04-14,Books,South,3,20.91,62.73,19.68,31.4
2025-04-14,Clothing,North,60,118.93,7135.8,3598.34,50.4
2025-04-14,Clothing,West,57,49.73,2834.61,913.25,32.2
2025-04-14,Books,South,60,23.78,1426.8,356.73,25.0
2025-04-14,Food & Beverage,East,49,26.62,1304.38,416.34,31.9
2025-04-15,Electronics,North,43,224.95,9672.85,1377.11,14.2
2025-04-15,Clothing,South,48,17.77,852.96,294.14,34.5
2025-04-15,Clothing,South,9,41.38,372.42,117.43,31.5
2025-04-15,Sports,South,40,39.79,1591.6,387.67,24.4
2025-04-16,Clothing,East,41,99.16,4065.56,1993.23,49.0
2025-04-16,Sports,South,45,28.25,1271.25,508.79,40.0
2025-04-16,Sports,West,1,50.85,50.85,11.54,22.7
2025-04-16,Clothing,West,7,23.91,167.37,56.8,33.9
2025-04-16,Electronics,South,27,112.99,3050.73,457.01,15.0
2025-04-16,Clothing,East,46,73.11,3363.06,1475.54,43.9
2025-04-16,Books,East,57,23.62,1346.34,593.22,44.1
2025-04-16,Books,South,29,19.44,563.76,220.16,39.1
2025-04-16,Sports,East,21,70.18,1473.78,387.35,26.3
2025-04-17,Electronics,South,26,183.71,4776.46,1052.89,22.0
2025-04-17,Sports,North,56,143.35,8027.6,3045.03,37.9
2025-04-17,Clothing,North,15,106.24,1593.6,690.64,43.3
2025-04-17,Electronics,West,26,461.92,12009.92,2347.77,19.5
2025-04-17,Clothing,North,34,38.96,1324.64,687.42,51.9
2025-04-17,Clothing,South,59,18.3,1079.7,555.59,51.5
2025-04-17,Books,North,16,29.04,464.64,125.09,26.9
2025-04-17,Books,North,17,18.81,319.77,120.31,37.6
2025-04-17,Clothing,North,28,76.48,2141.44,1091.01,50.9
2025-04-18,Clothing,North,34,35.1,1193.4,489.99,41.1
2025-04-18,Sports,North,48,180.35,8656.8,2702.48,31.2
2025-04-18,Food & Beverage,East,2,6.81,13.62,2.48,18.2
2025-04-18,Electronics,North,56,483.04,27050.24,3352.75,12.4
2025-04-18,Food & Beverage,South,49,34.56,1693.44,520.58,30.7
2025-04-19,Electronics,South,31,432.27,13400.37,1779.22,13.3
2025-04-19,Books,East,4,34.86,139.44,58.86,42.2
2025-04-19,Books,North,47,14.71,691.37,229.03,33.1
2025-04-19,Sports,North,51,212.25,10824.75,3779.15,34.9
2025-04-20,Food & Beverage,East,11,9.27,101.97,34.93,34.3
2025-04-20,Books,West,19,23.72,450.68,207.02,45.9
2025-04-20,Electronics,South,12,383.61,4603.32,725.33,15.8
2025-04-20,Books,North,21,23.16,486.36,126.11,25.9
2025-04-20,Sports,West,2,27.95,55.9,12.84,23.0
2025-04-20,Food & Beverage,South,25,18.49,462.25,114.78,24.8
2025-04-20,Food & Beverage,East,34,12.34,419.56,107.22,25.6
2025-04-20,Electronics,South,27,128.43,3467.61,537.56,15.5
2025-04-20,Clothing,East,24,88.66,2127.84,833.16,39.2
2025-04-20,Clothing,West,47,19.4,911.8,436.36,47.9
2025-04-21,Sports,North,27,66.04,1783.08,538.56,30.2
2025-04-21,Books,West,40,19.36,774.4,371.49,48.0
2025-04-21,Books,South,9,9.06,81.54,25.41,31.2
2025-04-21,Electronics,North,56,281.18,15746.08,3598.56,22.9
2025-04-21,Electronics,North,17,394.15,6700.55,1029.38,15.4
2025-04-21,Clothing,West,32,107.45,3438.4,1245.57,36.2
2025-04-21,Clothing,West,46,95.2,4379.2,1892.17,43.2
2025-04-21,Electronics,West,18,181.74,3271.32,678.77,20.7
2025-04-21,Clothing,West,40,86.18,3447.2,1659.82,48.1
2025-04-22,Books,East,27,18.4,496.8,126.57,25.5
2025-04-22,Sports,South,24,135.0,3240.0,1260.39,38.9
2025-04-22,Sports,South,7,68.15,477.05,179.21,37.6
2025-04-22,Electronics,West,56,97.13,5439.28,928.62,17.1
2025-04-22,Sports,South,23,171.27,3939.21,1161.02,29.5
2025-04-22,Food & Beverage,North,12,26.62,319.44,72.13,22.6
2025-04-22,Food & Beverage,East,35,37.53,1313.55,313.63,23.9
2025-04-22,Electronics,North,31,274.22,8500.82,1474.51,17.3
2025-04-23,Food & Beverage,North,50,17.44,872.0,175.96,20.2
2025-04-23,Clothing,South,54,106.33,5741.82,2198.47,38.3
2025-04-23,Clothing,West,40,102.33,4093.2,1290.92,31.5
2025-04-23,Food & Beverage,North,19,41.29,784.51,150.24,19.2
2025-04-23,Food & Beverage,South,14,41.62,582.68,129.23,22.2
2025-04-23,Food & Beverage,South,54,25.81,1393.74,414.53,29.7
2025-04-24,Electronics,West,47,173.19,8139.93,1126.44,13.8
2025-04-24,Electronics,North,7,435.56,3048.92,546.11,17.9
2025-04-24,Sports,North,35,33.0,1155.0,479.46,41.5
2025-04-24,Clothing,North,41,99.21,4067.61,1721.19,42.3
2025-04-24,Clothing,West,42,48.92,2054.64,732.33,35.6
2025-04-24,Sports,North,47,38.91,1828.77,433.0,23.7
2025-04-24,Books,West,49,38.77,1899.73,908.12,47.8
2025-04-24,Electronics,West,33,440.52,14537.16,3216.47,22.1
2025-04-24,Books,North,1,42.74,42.74,12.74,29.8
2025-04-25,Electronics,North,22,468.08,10297.76,1385.69,13.5
2025-04-25,Clothing,North,16,100.37,1605.92,615.81,38.3
2025-04-25,Sports,East,47,74.61,3506.67,1458.07,41.6
2025-04-25,Electronics,West,59,81.29,4796.11,962.76,20.1
2025-04-26,Sports,East,40,170.7,6828.0,1685.05,24.7
2025-04-26,Electronics,North,20,383.58,7671.6,1726.93,22.5
2025-04-26,Books,East,7,26.52,185.64,56.05,30.2
2025-04-26,Sports,West,22,170.85,3758.7,1267.85,33.7
2025-04-26,Sports,South,11,150.02,1650.22,415.09,25.2
2025-04-27,Books,South,5,14.12,70.6,22.12,31.3
2025-04-27,Food & Beverage,West,5,9.15,45.75,16.78,36.7
2025-04-27,Food & Beverage,South,34,26.21,891.14,328.06,36.8
2025-04-27,Electronics,East,41,93.37,3828.17,853.54,22.3
2025-04-27,Clothing,West,60,56.53,3391.8,1386.71,40.9
2025-04-28,Electronics,North,8,452.48,3619.84,635.09,17.5
2025-04-28,Electronics,North,13,514.54,6689.02,850.85,12.7
2025-04-28,Clothing,East,25,59.61,1490.25,673.38,45.2
2025-04-28,Electronics,West,10,367.66,3676.6,475.93,12.9
2025-04-28,Clothing,North,12,109.94,1319.28,479.57,36.4
2025-04-28,Food & Beverage,East,4,43.87,175.48,49.45,28.2
2025-04-28,Clothing,West,37,26.42,977.54,446.34,45.7
2025-04-28,Sports,West,49,121.05,5931.45,2375.45,40.0
2025-04-28,Books,South,34,31.14,1058.76,335.41,31.7
2025-04-28,Electronics,North,16,238.83,3821.28,734.03,19.2
2025-04-29,Books,West,50,14.21,710.5,226.39,31.9
2025-04-29,Sports,South,27,25.47,687.69,183.44,26.7
2025-04-29,Food & Beverage,North,4,11.05,44.2,11.23,25.4
2025-04-29,Electronics,North,33,269.86,8905.38,1722.12,19.3
2025-04-29,Electronics,East,19,337.17,6406.23,1547.39,24.2
2025-04-29,Sports,East,38,173.58,6596.04,1982.58,30.1
2025-04-29,Books,West,50,27.98,1399.0,609.76,43.6
2025-04-29,Food & Beverage,West,6,45.01,270.06,64.57,23.9
2025-04-29,Books,East,38,21.31,809.78,379.74,46.9
2025-04-29,Clothing,South,22,66.92,1472.24,550.03,37.4
2025-04-30,Books,East,37,29.19,1080.03,512.17,47.4
2025-04-30,Clothing,South,57,31.49,1794.93,621.47,34.6
2025-04-30,Clothing,East,50,31.33,1566.5,849.48,54.2
2025-04-30,Sports,North,27,151.8,4098.6,920.51,22.5
2025-04-30,Books,West,10,20.74,207.4,57.47,27.7
2025-04-30,Sports,North,42,114.49,4808.58,1778.48,37.0
2025-04-30,Food & Beverage,South,34,29.07,988.38,242.31,24.5
2025-04-30,Books,East,42,16.6,697.2,326.65,46.9
2025-04-30,Clothing,North,54,116.12,6270.48,2327.45,37.1
2025-04-30,Electronics,East,27,475.29,12832.83,1736.47,13.5
2025-05-01,Books,West,22,8.96,197.12,85.76,43.5
2025-05-01,Clothing,West,38,95.13,3614.94,1576.57,43.6
2025-05-01,Clothing,West,43,42.93,1845.99,915.43,49.6
2025-05-01,Sports,West,23,93.25,2144.75,503.07,23.5
2025-05-01,Clothing,North,36,75.44,2715.84,1103.96,40.6
2025-05-02,Clothing,South,52,63.44,3298.88,1461.0,44.3
2025-05-02,Electronics,East,54,168.69,9109.26,1409.35,15.5
2025-05-02,Books,South,16,24.12,385.92,165.11,42.8
2025-05-02,Books,East,41,38.61,1583.01,706.92,44.7
2025-05-02,Clothing,West,49,38.49,1886.01,568.87,30.2
2025-05-02,Books,West,39,20.5,799.5,362.66,45.4
2025-05-02,Electronics,North,8,494.68,3957.44,867.56,21.9
2025-05-02,Books,South,5,9.54,47.7,14.05,29.4
2025-05-02,Books,East,53,40.97,2171.41,969.59,44.7
2025-05-03,Electronics,West,34,103.51,3519.34,718.92,20.4
2025-05-03,Electronics,East,41,351.48,14410.68,3336.34,23.2
2025-05-03,Food & Beverage,North,30,26.85,805.5,173.54,21.5
2025-05-03,Books,South,56,23.97,1342.32,472.45,35.2
2025-05-04,Clothing,North,47,61.73,2901.31,1332.79,45.9
2025-05-04,Food & Beverage,North,58,31.38,1820.04,488.75,26.9
2025-05-04,Food & Beverage,West,11,7.62,83.82,30.89,36.9
2025-05-04,Clothing,West,49,105.62,5175.38,2421.29,46.8
2025-05-04,Books,South,23,7.76,178.48,77.41,43.4
2025-05-04,Sports,West,60,89.21,5352.6,1228.63,23.0
2025-05-04,Clothing,North,50,111.16,5558.0,1698.99,30.6
2025-05-05,Books,East,5,41.0,205.0,60.61,29.6
2025-05-05,Sports,South,6,169.83,1018.98,418.64,41.1
2025-05-05,Food & Beverage,East,46,49.22,2264.12,499.29,22.1
2025-05-05,Sports,North,30,135.75,4072.5,960.42,23.6
2025-05-05,Electronics,South,55,448.53,24669.15,5871.08,23.8
2025-05-05,Electronics,North,39,170.91,6665.49,1128.99,16.9
2025-05-05,Clothing,West,16,101.64,1626.24,886.12,54.5
2025-05-05,Food & Beverage,South,30,24.58,737.4,217.3,29.5
2025-05-06,Sports,North,13,68.18,886.34,208.17,23.5
2025-05-06,Books,East,20,17.29,345.8,90.36,26.1
2025-05-06,Clothing,East,4,31.28,125.12,49.91,39.9
2025-05-06,Books,North,53,12.68,672.04,210.58,31.3
2025-05-06,Electronics,South,29,149.45,4334.05,661.01,15.3
2025-05-06,Electronics,West,31,304.36,9435.16,2270.09,24.1
2025-05-07,Sports,South,59,48.24,2846.16,634.13,22.3
2025-05-07,Clothing,North,57,76.61,4366.77,2205.91,50.5
2025-05-07,Books,South,7,25.29,177.03,54.89,31.0
2025-05-07,Sports,South,37,106.47,3939.39,1445.4,36.7
2025-05-07,Sports,West,15,156.42,2346.3,922.84,39.3
2025-05-07,Clothing,South,57,24.37,1389.09,595.68,42.9
2025-05-07,Books,East,27,9.38,253.26,76.65,30.3
2025-05-08,Sports,North,32,185.62,5939.84,2006.02,33.8
2025-05-08,Sports,West,44,186.88,8222.72,2004.69,24.4
2025-05-08,Sports,North,26,201.21,5231.46,1670.37,31.9
2025-05-08,Sports,South,56,146.37,8196.72,2401.78,29.3
2025-05-08,Electronics,West,35,140.32,4911.2,1010.03,20.6
2025-05-08,Clothing,South,15,72.96,1094.4,418.03,38.2
2025-05-08,Clothing,North,26,99.21,2579.46,1199.16,46.5
2025-05-08,Electronics,East,35,520.09,18203.15,4401.84,24.2
2025-05-08,Food & Beverage,West,37,11.77,435.49,84.73,19.5
2025-05-08,Clothing,North,37,34.0,1258.0,555.99,44.2
2025-05-09,Books,North,36,30.94,1113.84,476.38,42.8
2025-05-09,Food & Beverage,South,28,29.75,833.0,240.21,28.8
2025-05-09,Books,North,11,13.87,152.57,70.38,46.1
2025-05-09,Food & Beverage,North,39,41.55,1620.45,366.16,22.6
2025-05-09,Books,West,47,27.14,1275.58,521.74,40.9
2025-05-09,Books,East,42,12.77,536.34,242.95,45.3
2025-05-09,Food & Beverage,North,42,10.1,424.2,105.78,24.9
2025-05-10,Books,West,52,32.04,1666.08,430.24,25.8
2025-05-10,Sports,North,23,214.2,4926.6,1315.68,26.7
2025-05-10,Books,West,29,20.5,594.5,175.42,29.5
2025-05-10,Clothing,North,60,91.58,5494.8,2026.07,36.9
2025-05-10,Electronics,North,47,395.24,18576.28,4579.73,24.7
2025-05-10,Sports,West,25,117.56,2939.0,1150.34,39.1
2025-05-10,Books,West,33,23.91,789.03,350.7,44.4
2025-05-10,Clothing,East,34,79.34,2697.56,1142.35,42.3
2025-05-10,Electronics,East,44,315.25,13871.0,2383.28,17.2
2025-05-11,Clothing,East,4,92.43,369.72,192.53,52.1
2025-05-11,Food & Beverage,West,25,37.75,943.75,232.52,24.6
2025-05-11,Sports,North,2,162.31,324.62,82.32,25.4
2025-05-11,Books,South,50,28.7,1435.0,640.11,44.6
2025-05-11,Food & Beverage,East,12,49.39,592.68,153.29,25.9
2025-05-12,Sports,South,9,75.19,676.71,259.21,38.3
2025-05-12,Food & Beverage,South,41,14.49,594.09,220.01,37.0
2025-05-12,Books,East,51,21.55,1099.05,493.77,44.9
2025-05-12,Clothing,North,22,66.14,1455.08,531.37,36.5
2025-05-12,Food & Beverage,South,35,35.34,1236.9,401.35,32.4
2025-05-12,Sports,South,59,171.09,10094.31,3006.24,29.8
2025-05-12,Books,South,26,34.45,895.7,269.59,30.1
2025-05-12,Clothing,East,34,82.78,2814.52,1327.35,47.2
2025-05-13,Clothing,North,36,103.06,3710.16,1455.52,39.2
2025-05-13,Electronics,West,34,190.4,6473.6,1101.91,17.0
2025-05-13,Books,East,2,28.89,57.78,24.49,42.4
2025-05-13,Food & Beverage,East,15,5.61,84.15,20.31,24.1
2025-05-14,Electronics,North,60,494.05,29643.0,7078.88,23.9
2025-05-14,Books,West,11,9.5,104.5,38.66,37.0
2025-05-14,Food & Beverage,South,18,36.63,659.34,130.02,19.7
2025-05-14,Food & Beverage,South,26,16.96,440.96,108.06,24.5
2025-05-14,Sports,North,21,194.31,4080.51,1062.81,26.0
2025-05-14,Clothing,South,24,72.03,1728.72,611.3,35.4
2025-05-14,Sports,West,47,172.26,8096.22,2630.5,32.5
2025-05-14,Clothing,West,29,104.41,3027.89,943.03,31.1
2025-05-15,Food & Beverage,South,45,39.5,1777.5,605.2,34.0
2025-05-15,Food & Beverage,North,3,45.93,137.79,29.69,21.5
2025-05-15,Sports,North,45,145.49,6547.05,2059.55,31.5
2025-05-15,Electronics,South,49,252.69,12381.81,1923.13,15.5
2025-05-15,Clothing,South,55,62.1,3415.5,1500.95,43.9
2025-05-15,Food & Beverage,West,11,45.06,495.66,181.92,36.7
2025-05-15,Books,West,27,9.87,266.49,86.51,32.5
2025-05-15,Books,West,51,32.14,1639.14,612.96,37.4
2025-05-16,Food & Beverage,South,9,24.45,220.05,54.48,24.8
2025-05-16,Food & Beverage,East,35,35.12,1229.2,401.43,32.7
2025-05-16,Sports,East,51,184.82,9425.82,3558.45,37.8
2025-05-16,Books,East,12,25.27,303.24,97.05,32.0
2025-05-16,Books,North,6,39.1,234.6,81.75,34.8
2025-05-16,Food & Beverage,North,9,54.01,486.09,88.1,18.1
2025-05-17,Electronics,South,52,187.99,9775.48,1985.32,20.3
2025-05-17,Books,South,5,34.8,174.0,48.75,28.0
2025-05-17,Electronics,East,56,223.96,12541.76,1844.7,14.7
2025-05-17,Food & Beverage,East,31,6.85,212.35,46.89,22.1
2025-05-18,Sports,South,44,34.26,1507.44,423.07,28.1
2025-05-18,Books,West,25,26.77,669.25,320.49,47.9
2025-05-18,Sports,South,32,174.02,5568.64,1993.97,35.8
2025-05-18,Clothing,West,29,109.38,3172.02,1577.15,49.7
2025-05-18,Food & Beverage,West,10,38.61,386.1,79.52,20.6
2025-05-18,Books,South,59,17.82,1051.38,313.42,29.8
2025-05-18,Electronics,South,52,379.53,19735.56,4183.61,21.2
2025-05-18,Electronics,South,13,388.14,5045.82,688.34,13.6
2025-05-18,Books,South,57,31.43,1791.51,450.8,25.2
2025-05-19,Books,North,4,23.08,92.32,23.25,25.2
2025-05-19,Electronics,South,27,171.18,4621.86,650.85,14.1
2025-05-19,Books,West,23,8.78,201.94,58.15,28.8
2025-05-19,Sports,West,34,147.11,5001.74,1765.77,35.3
2025-05-19,Clothing,South,58,46.58,2701.64,1124.06,41.6
2025-05-19,Food & Beverage,East,36,34.91,1256.76,347.83,27.7
2025-05-20,Clothing,North,21,34.45,723.45,233.35,32.3
2025-05-20,Sports,West,58,138.38,8026.04,2152.73,26.8
2025-05-20,Electronics,West,4,310.74,1242.96,178.51,14.4
2025-05-20,Sports,North,42,120.04,5041.68,1173.02,23.3
2025-05-20,Clothing,South,29,87.89,2548.81,1228.72,48.2
2025-05-20,Books,South,54,33.87,1828.98,594.31,32.5
2025-05-20,Clothing,South,37,103.77,3839.49,2024.99,52.7
2025-05-21,Sports,South,7,136.71,956.97,363.53,38.0
2025-05-21,Books,North,41,20.36,834.76,314.89,37.7
2025-05-21,Clothing,South,58,29.24,1695.92,785.77,46.3
2025-05-21,Clothing,South,21,66.04,1386.84,522.86,37.7
2025-05-21,Sports,North,32,173.03,5536.96,1730.88,31.3
2025-05-22,Sports,South,11,148.94,1638.34,455.41,27.8
2025-05-22,Electronics,East,17,465.66,7916.22,1544.37,19.5
2025-05-22,Sports,North,12,207.91,2494.92,850.07,34.1
2025-05-22,Books,West,1,13.98,13.98,4.06,29.0
2025-05-22,Electronics,South,4,197.16,788.64,162.99,20.7
2025-05-22,Books,West,49,24.86,1218.14,443.98,36.4
2025-05-22,Electronics,South,32,339.59,10866.88,2458.9,22.6
2025-05-22,Clothing,South,9,27.6,248.4,124.97,50.3
2025-05-22,Electronics,South,51,209.71,10695.21,2297.29,21.5
2025-05-23,Electronics,South,12,86.23,1034.76,130.15,12.6
2025-05-23,Books,West,39,33.95,1324.05,539.93,40.8
2025-05-23,Sports,West,23,143.05,3290.15,1180.06,35.9
2025-05-23,Food & Beverage,East,12,16.44,197.28,56.62,28.7
2025-05-23,Electronics,North,13,100.37,1304.81,322.47,24.7
2025-05-23,Clothing,West,42,23.61,991.62,439.45,44.3
2025-05-23,Books,East,8,23.86,190.88,62.95,33.0
2025-05-23,Clothing,South,56,82.29,4608.24,2417.64,52.5
2025-05-23,Electronics,North,50,164.07,8203.5,1599.97,19.5
2025-05-24,Books,East,43,9.21,396.03,126.59,32.0
2025-05-24,Sports,East,42,185.02,7770.84,2504.36,32.2
2025-05-24,Electronics,South,59,73.86,4357.74,758.36,17.4
2025-05-24,Sports,North,14,165.16,2312.24,739.85,32.0
2025-05-24,Books,North,10,23.84,238.4,94.32,39.6
2025-05-24,Clothing,North,14,36.26,507.64,262.29,51.7
2025-05-24,Sports,West,30,155.48,4664.4,1156.43,24.8
2025-05-24,Electronics,North,8,146.44,1171.52,201.91,17.2
2025-05-24,Clothing,South,3,24.93,74.79,35.93,48.0
2025-05-24,Sports,South,47,73.56,3457.32,1274.08,36.9
2025-05-25,Sports,South,13,167.93,2183.09,806.33,36.9
2025-05-25,Clothing,North,19,86.3,1639.7,668.77,40.8
2025-05-25,Food & Beverage,South,35,5.04,176.4,38.06,21.6
2025-05-25,Food & Beverage,North,10,45.31,453.1,107.12,23.6
2025-05-25,Electronics,North,19,102.97,1956.43,376.79,19.3
2025-05-25,Sports,South,60,72.62,4357.2,966.2,22.2
2025-05-25,Food & Beverage,South,10,28.65,286.5,73.09,25.5
2025-05-25,Electronics,South,45,392.12,17645.4,4398.89,24.9
2025-05-26,Sports,North,52,176.62,9184.24,3223.96,35.1
2025-05-26,Clothing,East,9,101.66,914.94,407.94,44.6
2025-05-26,Electronics,North,15,559.97,8399.55,1137.51,13.5
2025-05-26,Food & Beverage,South,28,42.37,1186.36,343.97,29.0
2025-05-26,Books,East,25,18.71,467.75,216.35,46.3
2025-05-26,Clothing,North,17,130.94,2225.98,1162.02,52.2
2025-05-27,Clothing,North,10,136.8,1368.0,728.52,53.3
2025-05-27,Sports,North,24,150.15,3603.6,1138.24,31.6
2025-05-27,Books,West,18,9.93,178.74,69.31,38.8
2025-05-27,Electronics,West,47,383.05,18003.35,2360.21,13.1
2025-05-27,Sports,North,27,70.24,1896.48,465.2,24.5
2025-05-27,Food & Beverage,North,22,22.28,490.16,181.64,37.1
2025-05-27,Clothing,North,15,101.92,1528.8,789.8,51.7
2025-05-27,Electronics,South,4,119.13,476.52,95.35,20.0
2025-05-27,Sports,West,37,184.56,6828.72,2376.17,34.8
2025-05-27,Food & Beverage,West,58,40.41,2343.78,713.87,30.5
2025-05-28,Sports,East,24,74.87,1796.88,698.45,38.9
2025-05-28,Clothing,East,31,108.53,3364.43,1124.44,33.4
2025-05-28,Food & Beverage,West,28,5.12,143.36,27.07,18.9
2025-05-28,Electronics,North,52,470.48,24464.96,3325.83,13.6
2025-05-28,Clothing,North,52,127.31,6620.12,3297.7,49.8
2025-05-28,Books,South,7,20.14,140.98,44.2,31.4
2025-05-29,Sports,South,28,101.64,2845.92,935.95,32.9
2025-05-29,Books,North,52,35.94,1868.88,624.65,33.4
2025-05-29,Electronics,South,38,83.52,3173.76,677.83,21.4
2025-05-29,Food & Beverage,North,30,10.12,303.6,85.52,28.2
2025-05-30,Sports,North,16,34.15,546.4,198.08,36.3
2025-05-30,Food & Beverage,North,4,47.82,191.28,45.44,23.8
2025-05-30,Books,East,32,18.49,591.68,256.93,43.4
2025-05-30,Clothing,North,46,40.98,1885.08,573.74,30.4
2025-05-30,Sports,South,23,104.13,2394.99,779.87,32.6
2025-05-30,Food & Beverage,West,28,36.65,1026.2,307.07,29.9
2025-05-30,Sports,North,14,47.94,671.16,148.39,22.1
2025-05-31,Clothing,West,11,101.37,1115.07,590.84,53.0
2025-05-31,Sports,East,54,103.68,5598.72,1672.48,29.9
2025-05-31,Clothing,North,23,87.91,2021.93,871.76,43.1
2025-05-31,Clothing,West,2,18.37,36.74,20.02,54.5
2025-05-31,Sports,West,28,38.03,1064.84,439.8,41.3
2025-06-01,Books,North,49,11.7,573.3,158.68,27.7
2025-06-01,Sports,West,43,145.77,6268.11,2524.71,40.3
2025-06-01,Electronics,North,48,347.15,16663.2,3268.04,19.6
2025-06-01,Books,North,53,35.51,1882.03,798.31,42.4
2025-06-01,Food & Beverage,North,21,18.65,391.65,148.63,37.9
2025-06-01,Electronics,East,51,135.92,6931.92,1062.09,15.3
2025-06-01,Books,North,52,30.9,1606.8,640.65,39.9
2025-06-01,Books,West,60,37.2,2232.0,960.13,43.0
2025-06-01,Books,West,41,15.16,621.56,164.7,26.5
2025-06-02,Books,West,44,11.85,521.4,180.07,34.5
2025-06-02,Books,East,7,22.21,155.47,52.53,33.8
2025-06-02,Electronics,South,14,217.02,3038.28,740.83,24.4
2025-06-02,Sports,West,37,95.08,3517.96,938.1,26.7
2025-06-02,Clothing,East,28,35.93,1006.04,487.17,48.4
2025-06-02,Books,East,38,27.5,1045.0,288.64,27.6
2025-06-02,Books,West,52,8.47,440.44,182.18,41.4
2025-06-03,Clothing,West,55,118.74,6530.7,3037.3,46.5
2025-06-03,Electronics,South,30,77.58,2327.4,418.69,18.0
2025-06-03,Books,South,7,9.76,68.32,17.94,26.3
2025-06-03,Clothing,North,41,114.24,4683.84,2140.25,45.7
2025-06-03,Electronics,North,16,229.85,3677.6,776.84,21.1
2025-06-03,Books,West,58,12.69,736.02,202.96,27.6
2025-06-04,Electronics,East,60,319.36,19161.6,2375.46,12.4
2025-06-04,Electronics,West,58,160.83,9328.14,1768.27,19.0
2025-06-04,Clothing,North,29,131.58,3815.82,1987.51,52.1
2025-06-04,Books,South,37,35.51,1313.87,622.35,47.4
2025-06-04,Food & Beverage,West,60,5.52,331.2,71.05,21.5
2025-06-04,Electronics,East,35,88.95,3113.25,565.55,18.2
2025-06-04,Sports,North,54,276.38,14924.52,5797.04,38.8
2025-06-05,Books,North,20,31.12,622.4,168.7,27.1
2025-06-05,Electronics,South,33,347.48,11466.84,2381.25,20.8
2025-06-05,Books,East,51,13.96,711.96,287.77,40.4
2025-06-05,Books,South,30,28.11,843.3,286.88,34.0
2025-06-05,Sports,North,18,44.7,804.6,234.08,29.1
2025-06-05,Electronics,East,58,367.71,21327.18,4749.89,22.3
2025-06-05,Sports,North,23,155.99,3587.77,1144.04,31.9
2025-06-06,Clothing,South,32,40.35,1291.2,675.87,52.3
2025-06-06,Books,South,22,28.02,616.44,204.31,33.1
2025-06-06,Sports,West,12,101.8,1221.6,279.79,22.9
2025-06-06,Books,West,45,28.47,1281.15,566.36,44.2
2025-06-06,Sports,West,35,90.66,3173.1,866.15,27.3
2025-06-06,Books,West,2,16.5,33.0,12.13,36.8
2025-06-06,Clothing,North,29,18.65,540.85,238.09,44.0
2025-06-06,Electronics,West,10,125.05,1250.5,301.8,24.1
2025-06-07,Clothing,West,18,71.98,1295.64,429.2,33.1
2025-06-07,Books,South,18,22.6,406.8,151.54,37.3
2025-06-07,Books,South,40,8.38,335.2,117.41,35.0
2025-06-07,Food & Beverage,West,31,11.81,366.11,138.21,37.8
2025-06-07,Books,West,39,26.42,1030.38,358.29,34.8
2025-06-07,Books,North,6,20.24,121.44,36.35,29.9
2025-06-07,Electronics,South,23,273.64,6293.72,1562.9,24.8
2025-06-07,Clothing,South,46,52.0,2392.0,856.72,35.8
2025-06-08,Sports,North,22,86.27,1897.94,511.92,27.0
2025-06-08,Food & Beverage,East,36,29.4,1058.4,275.31,26.0
2025-06-08,Electronics,South,24,352.44,8458.56,1321.18,15.6
2025-06-08,Food & Beverage,West,10,16.8,168.0,50.95,30.3
2025-06-08,Sports,East,42,37.75,1585.5,410.09,25.9
2025-06-08,Food & Beverage,East,2,42.47,84.94,22.36,26.3
2025-06-08,Electronics,West,49,332.3,16282.7,3851.75,23.7
2025-06-09,Electronics,South,45,144.32,6494.4,1233.75,19.0
2025-06-09,Books,North,35,29.11,1018.85,467.38,45.9
2025-06-09,Electronics,West,30,365.5,10965.0,1523.15,13.9
2025-06-09,Food & Beverage,North,29,19.77,573.33,162.48,28.3
2025-06-09,Electronics,South,54,166.09,8968.86,1291.62,14.4
2025-06-09,Sports,West,17,165.57,2814.69,966.27,34.3
2025-06-09,Books,South,45,35.29,1588.05,541.59,34.1
2025-06-09,Books,West,20,37.77,755.4,255.07,33.8
2025-06-09,Food & Beverage,North,21,23.36,490.56,113.93,23.2
2025-06-10,Electronics,North,8,330.15,2641.2,564.98,21.4
2025-06-10,Clothing,North,55,100.26,5514.3,2312.91,41.9
2025-06-10,Food & Beverage,South,45,42.11,1894.95,678.07,35.8
2025-06-10,Electronics,East,8,97.78,782.24,101.86,13.0
2025-06-10,Electronics,South,54,252.7,13645.8,2972.76,21.8
2025-06-10,Books,West,14,21.48,300.72,92.37,30.7
2025-06-11,Clothing,North,33,87.2,2877.6,1098.99,38.2
2025-06-11,Books,North,25,27.07,676.75,176.84,26.1
2025-06-11,Books,East,52,12.97,674.44,250.88,37.2
2025-06-11,Books,East,12,9.98,119.76,55.3,46.2
2025-06-11,Sports,East,51,268.34,13685.34,5368.93,39.2
2025-06-11,Books,West,28,23.92,669.76,175.14,26.2
2025-06-11,Sports,East,11,33.2,365.2,138.08,37.8
2025-06-11,Food & Beverage,East,28,46.13,1291.64,359.08,27.8
2025-06-11,Sports,East,35,265.55,9294.25,3106.53,33.4
2025-06-12,Food & Beverage,East,15,14.34,215.1,60.5,28.1
2025-06-12,Books,North,28,14.02,392.56,175.52,44.7
2025-06-12,Food & Beverage,East,52,24.36,1266.72,324.6,25.6
2025-06-12,Clothing,South,50,53.07,2653.5,1260.81,47.5
2025-06-12,Electronics,North,26,337.92,8785.92,1743.78,19.8
2025-06-12,Food & Beverage,South,60,6.67,400.2,127.65,31.9
2025-06-12,Sports,South,55,67.55,3715.25,947.32,25.5
2025-06-12,Food & Beverage,South,49,36.83,1804.67,479.39,26.6
2025-06-12,Sports,West,20,129.11,2582.2,962.55,37.3
2025-06-12,Books,North,25,10.22,255.5,68.52,26.8
2025-06-13,Electronics,North,24,452.1,10850.4,2503.54,23.1
2025-06-13,Food & Beverage,West,4,5.28,21.12,7.62,36.1
2025-06-13,Books,North,7,26.66,186.62,68.81,36.9
2025-06-13,Sports,West,46,152.62,7020.52,2329.17,33.2
2025-06-13,Clothing,North,12,87.02,1044.24,543.65,52.1
2025-06-13,Food & Beverage,West,60,40.35,2421.0,442.37,18.3
2025-06-14,Food & Beverage,West,9,49.74,447.66,117.16,26.2
2025-06-14,Food & Beverage,South,41,37.39,1532.99,299.28,19.5
2025-06-14,Electronics,South,4,126.71,506.84,77.37,15.3
2025-06-14,Sports,East,15,143.2,2148.0,771.75,35.9
2025-06-14,Sports,North,30,192.78,5783.4,2398.61,41.5
2025-06-14,Clothing,East,17,120.27,2044.59,702.74,34.4
2025-06-14,Clothing,North,43,84.57,3636.51,1773.87,48.8
2025-06-14,Books,East,57,16.91,963.87,417.64,43.3
2025-06-14,Food & Beverage,North,3,40.72,122.16,32.48,26.6
2025-06-14,Food & Beverage,East,19,36.07,685.33,169.76,24.8
2025-06-15,Clothing,North,8,34.15,273.2,95.18,34.8
2025-06-15,Sports,East,50,171.56,8578.0,3200.19,37.3
2025-06-15,Sports,North,29,159.24,4617.96,1730.4,37.5
2025-06-15,Clothing,South,43,41.23,1772.89,816.2,46.0
2025-06-15,Clothing,West,11,18.22,200.42,103.6,51.7
2025-06-16,Books,West,44,13.43,590.92,157.62,26.7
2025-06-16,Sports,East,46,32.74,1506.04,494.86,32.9
2025-06-16,Electronics,West,16,363.13,5810.08,889.76,15.3
2025-06-16,Clothing,North,25,90.77,2269.25,1130.56,49.8
2025-06-16,Clothing,East,47,75.87,3565.89,1809.46,50.7
2025-06-16,Food & Beverage,South,22,38.83,854.26,304.3,35.6
2025-06-16,Electronics,North,55,456.25,25093.75,5294.8,21.1
2025-06-16,Electronics,North,46,436.44,20076.24,3558.92,17.7
2025-06-17,Food & Beverage,North,54,27.74,1497.96,565.9,37.8
2025-06-17,Food & Beverage,East,17,48.57,825.69,306.42,37.1
2025-06-17,Food & Beverage,East,28,7.78,217.84,62.38,28.6
2025-06-17,Books,East,45,10.62,477.9,185.73,38.9
2025-06-17,Clothing,West,46,97.35,4478.1,1463.39,32.7
2025-06-17,Food & Beverage,South,42,28.63,1202.46,251.82,20.9
2025-06-17,Sports,East,56,171.98,9630.88,2862.29,29.7
2025-06-17,Books,West,38,24.89,945.82,405.35,42.9
2025-06-18,Books,North,20,45.75,915.0,294.94,32.2
2025-06-18,Books,South,54,21.01,1134.54,355.2,31.3
2025-06-18,Sports,South,17,110.67,1881.39,427.61,22.7
2025-06-18,Electronics,West,46,158.19,7276.74,1126.54,15.5
2025-06-18,Clothing,South,38,55.98,2127.24,915.49,43.0
2025-06-18,Clothing,North,10,135.08,1350.8,737.99,54.6
2025-06-18,Books,West,2,20.54,41.08,17.99,43.8
2025-06-18,Books,South,12,22.09,265.08,97.65,36.8
2025-06-18,Electronics,South,11,108.02,1188.22,149.5,12.6
2025-06-18,Electronics,North,12,172.63,2071.56,487.99,23.6
2025-06-19,Electronics,West,30,222.93,6687.9,902.2,13.5
2025-06-19,Electronics,West,46,205.89,9470.94,1150.31,12.1
2025-06-19,Electronics,East,13,211.1,2744.3,613.6,22.4
2025-06-19,Food & Beverage,North,59,43.24,2551.16,917.27,36.0
2025-06-20,Food & Beverage,South,42,42.71,1793.82,534.43,29.8
2025-06-20,Electronics,West,18,218.35,3930.3,855.39,21.8
2025-06-20,Books,South,13,16.27,211.51,72.76,34.4
2025-06-20,Books,East,54,31.12,1680.48,457.87,27.2
2025-06-20,Electronics,South,47,309.6,14551.2,1778.12,12.2
2025-06-20,Sports,South,1,109.13,109.13,41.81,38.3
2025-06-21,Books,West,29,34.69,1006.01,328.18,32.6
2025-06-21,Electronics,West,28,415.16,11624.48,2405.08,20.7
2025-06-21,Sports,East,6,48.93,293.58,117.72,40.1
2025-06-21,Sports,East,20,258.94,5178.8,1873.65,36.2
2025-06-21,Clothing,East,1,104.81,104.81,45.64,43.5
2025-06-21,Electronics,West,40,360.01,14400.4,3443.42,23.9
2025-06-22,Books,West,3,24.73,74.19,18.8,25.3
2025-06-22,Books,South,28,19.29,540.12,160.16,29.7
2025-06-22,Books,South,25,22.59,564.75,214.9,38.1
2025-06-22,Books,West,11,20.43,224.73,79.91,35.6
2025-06-22,Electronics,South,35,200.47,7016.45,1348.59,19.2
2025-06-22,Books,North,31,28.67,888.77,361.63,40.7
2025-06-23,Sports,North,24,41.08,985.92,375.21,38.1
2025-06-23,Sports,South,24,128.06,3073.44,723.82,23.6
2025-06-23,Sports,West,2,202.69,405.38,108.38,26.7
2025-06-23,Electronics,North,9,255.4,2298.6,485.47,21.1
2025-06-23,Food & Beverage,West,55,48.35,2659.25,756.28,28.4
2025-06-23,Books,South,25,7.62,190.5,90.47,47.5
2025-06-23,Books,North,49,43.92,2152.08,982.18,45.6
2025-06-23,Food & Beverage,South,5,36.25,181.25,45.72,25.2
2025-06-23,Books,East,8,23.88,191.04,67.84,35.5
2025-06-24,Electronics,South,32,156.56,5009.92,993.35,19.8
2025-06-24,Electronics,North,35,354.49,12407.15,2835.31,22.9
2025-06-24,Books,South,18,9.85,177.3,73.39,41.4
2025-06-24,Sports,South,28,85.59,2396.52,605.23,25.3
2025-06-24,Books,West,22,24.39,536.58,143.33,26.7
2025-06-24,Electronics,East,47,345.57,16241.79,2511.5,15.5
2025-06-24,Clothing,North,53,84.09,4456.77,2095.81,47.0
2025-06-24,Food & Beverage,West,54,42.58,2299.32,560.56,24.4
2025-06-24,Books,South,1,31.53,31.53,8.91,28.3
2025-06-25,Food & Beverage,West,54,5.0,270.0,79.62,29.5
2025-06-25,Electronics,North,41,242.13,9927.33,2385.48,24.0
2025-06-25,Food & Beverage,West,18,47.78,860.04,233.82,27.2
2025-06-25,Clothing,South,18,93.6,1684.8,703.41,41.8
2025-06-25,Clothing,South,59,66.42,3918.78,1497.07,38.2
2025-06-25,Food & Beverage,North,4,10.35,41.4,11.76,28.4
2025-06-25,Books,South,11,27.04,297.44,123.42,41.5
2025-06-25,Clothing,North,9,137.24,1235.16,392.93,31.8
2025-06-25,Books,East,1,24.58,24.58,6.48,26.4
2025-06-25,Food & Beverage,North,6,11.76,70.56,17.95,25.4
2025-06-26,Books,South,55,20.56,1130.8,492.66,43.6
2025-06-26,Electronics,East,12,231.61,2779.32,603.61,21.7
2025-06-26,Electronics,East,15,426.38,6395.7,1484.35,23.2
2025-06-26,Sports,North,53,197.24,10453.72,2717.15,26.0
2025-06-27,Sports,North,52,156.87,8157.24,2306.72,28.3
2025-06-27,Electronics,North,31,183.48,5687.88,1200.63,21.1
2025-06-27,Electronics,East,36,338.06,12170.16,2566.52,21.1
2025-06-27,Clothing,South,52,67.13,3490.76,1455.93,41.7
2025-06-28,Books,South,56,31.89,1785.84,588.01,32.9
2025-06-28,Books,East,18,40.54,729.72,310.99,42.6
2025-06-28,Sports,North,40,262.02,10480.8,3384.61,32.3
2025-06-28,Clothing,West,13,99.5,1293.5,650.29,50.3
2025-06-28,Electronics,South,58,308.77,17908.66,3949.72,22.1
2025-06-28,Electronics,East,22,88.42,1945.24,322.39,16.6
2025-06-28,Books,West,15,29.91,448.65,119.25,26.6
2025-06-28,Food & Beverage,South,57,36.24,2065.68,672.74,32.6
2025-06-29,Food & Beverage,South,22,39.79,875.38,184.07,21.0
2025-06-29,Books,North,26,40.92,1063.92,505.55,47.5
2025-06-29,Sports,North,48,156.6,7516.8,1944.98,25.9
2025-06-29,Books,South,46,35.9,1651.4,751.27,45.5
2025-06-29,Books,South,36,15.94,573.84,166.8,29.1
2025-06-29,Clothing,West,59,118.05,6964.95,3670.1,52.7
2025-06-29,Food & Beverage,West,59,11.21,661.39,125.32,18.9
2025-06-30,Electronics,West,53,226.63,12011.39,1873.43,15.6
2025-06-30,Electronics,West,24,228.29,5478.96,896.49,16.4
2025-06-30,Electronics,East,26,131.17,3410.42,659.56,19.3
2025-06-30,Electronics,North,35,462.85,16199.75,3844.21,23.7
2025-06-30,Food & Beverage,North,3,31.28,93.84,30.03,32.0
2025-06-30,Electronics,North,57,174.09,9923.13,2417.63,24.4
2025-07-01,Sports,West,7,179.46,1256.22,448.89,35.7
2025-07-01,Clothing,East,52,48.27,2510.04,1344.4,53.6
2025-07-01,Sports,North,44,235.84,10376.96,2631.99,25.4
2025-07-01,Electronics,West,46,289.69,13325.74,3191.77,24.0
2025-07-02,Food & Beverage,North,44,14.92,656.48,118.25,18.0
2025-07-02,Electronics,South,12,201.85,2422.2,389.46,16.1
2025-07-02,Books,East,56,40.72,2280.32,575.63,25.2
2025-07-02,Sports,North,6,124.79,748.74,215.23,28.7
2025-07-02,Clothing,East,52,87.93,4572.36,2156.32,47.2
2025-07-02,Food & Beverage,West,41,45.08,1848.28,458.29,24.8
2025-07-03,Food & Beverage,North,54,31.23,1686.42,561.57,33.3
2025-07-03,Clothing,South,30,69.72,2091.6,653.37,31.2
2025-07-03,Food & Beverage,East,42,6.58,276.36,62.49,22.6
2025-07-03,Electronics,North,1,481.59,481.59,75.81,15.7
2025-07-03,Books,South,20,29.46,589.2,148.95,25.3
2025-07-03,Books,North,1,19.41,19.41,5.42,27.9
2025-07-03,Electronics,South,28,75.85,2123.8,423.71,20.0
2025-07-04,Food & Beverage,North,5,33.84,169.2,51.67,30.5
2025-07-04,Electronics,South,42,169.42,7115.64,1423.12,20.0
2025-07-04,Clothing,East,23,99.54,2289.42,826.27,36.1
2025-07-04,Food & Beverage,East,10,7.41,74.1,19.09,25.8
2025-07-04,Electronics,North,27,473.87,12794.49,2482.4,19.4
2025-07-04,Books,North,42,9.91,416.22,158.74,38.1
2025-07-04,Books,North,5,29.32,146.6,60.83,41.5
2025-07-04,Sports,East,3,235.34,706.02,281.76,39.9
2025-07-04,Sports,East,45,209.39,9422.55,3423.51,36.3
2025-07-04,Clothing,South,37,93.66,3465.42,1305.39,37.7
2025-07-05,Food & Beverage,South,2,4.61,9.22,2.56,27.8
2025-07-05,Sports,South,22,99.61,2191.42,577.64,26.4
2025-07-05,Food & Beverage,North,5,31.27,156.35,58.96,37.7
2025-07-05,Food & Beverage,East,9,47.72,429.48,93.08,21.7
2025-07-05,Electronics,West,35,158.95,5563.25,1088.59,19.6
2025-07-05,Clothing,South,15,88.09,1321.35,498.05,37.7
2025-07-05,Electronics,North,1,380.87,380.87,47.29,12.4
2025-07-05,Electronics,West,54,309.61,16718.94,2780.39,16.6
2025-07-05,Electronics,West,33,158.42,5227.86,636.82,12.2
2025-07-06,Electronics,West,26,226.53,5889.78,1315.16,22.3
2025-07-06,Books,North,19,42.19,801.61,262.08,32.7
2025-07-06,Sports,East,49,261.31,12804.19,4257.58,33.3
2025-07-06,Books,West,21,35.43,744.03,333.3,44.8
2025-07-07,Clothing,West,20,32.59,651.8,203.11,31.2
2025-07-07,Clothing,West,43,99.43,4275.49,1474.17,34.5
2025-07-07,Electronics,South,30,180.1,5403.0,1014.07,18.8
2025-07-07,Electronics,East,30,439.99,13199.7,3111.05,23.6
2025-07-08,Books,South,1,33.33,33.33,9.21,27.6
2025-07-08,Food & Beverage,South,15,33.4,501.0,145.36,29.0
2025-07-08,Clothing,South,28,79.69,2231.32,763.25,34.2
2025-07-08,Books,South,5,17.35,86.75,39.85,45.9
2025-07-08,Electronics,West,47,69.53,3267.91,547.65,16.8
2025-07-08,Electronics,West,7,343.89,2407.23,446.32,18.5
2025-07-08,Clothing,East,22,76.41,1681.02,538.58,32.0
2025-07-08,Books,East,37,33.59,1242.83,508.02,40.9
2025-07-08,Sports,South,46,181.86,8365.56,2479.08,29.6
2025-07-09,Electronics,North,49,485.64,23796.36,3906.34,16.4
2025-07-09,Clothing,West,35,95.39,3338.65,1585.33,47.5
2025-07-09,Clothing,North,36,135.48,4877.28,2205.33,45.2
2025-07-09,Clothing,West,58,33.1,1919.8,820.27,42.7
2025-07-09,Food & Beverage,East,56,7.77,435.12,86.67,19.9
2025-07-09,Books,South,11,28.0,308.0,110.77,36.0
2025-07-09,Electronics,North,12,304.5,3654.0,730.64,20.0
2025-07-09,Books,South,41,33.89,1389.49,660.37,47.5
2025-07-10,Clothing,North,17,27.96,475.32,175.72,37.0
2025-07-10,Food & Beverage,South,47,9.83,462.01,152.4,33.0
2025-07-10,Books,North,5,24.71,123.55,57.98,46.9
2025-07-10,Food & Beverage,South,45,4.91,220.95,45.36,20.5
2025-07-10,Electronics,South,3,264.92,794.76,196.49,24.7
2025-07-11,Clothing,South,55,25.9,1424.5,682.67,47.9
2025-07-11,Sports,East,55,275.58,15156.9,5442.7,35.9
2025-07-11,Electronics,South,24,291.85,7004.4,878.25,12.5
2025-07-11,Clothing,North,27,57.76,1559.52,486.19,31.2
2025-07-11,Food & Beverage,West,13,5.13,66.69,25.13,37.7
2025-07-11,Electronics,East,46,368.67,16958.82,2543.91,15.0
2025-07-12,Sports,West,30,117.68,3530.4,1414.34,40.1
2025-07-12,Electronics,South,9,307.93,2771.37,578.92,20.9
2025-07-12,Clothing,North,27,99.68,2691.36,1354.4,50.3
2025-07-12,Electronics,West,20,202.99,4059.8,808.13,19.9
2025-07-12,Clothing,South,8,102.72,821.76,252.52,30.7
2025-07-12,Clothing,East,5,84.11,420.55,167.37,39.8
2025-07-12,Clothing,North,52,122.14,6351.28,3396.17,53.5
2025-07-12,Sports,West,1,154.27,154.27,45.26,29.3
2025-07-12,Books,East,54,22.43,1211.22,572.95,47.3
2025-07-12,Sports,West,49,249.01,12201.49,2783.35,22.8
2025-07-13,Sports,South,6,154.55,927.3,353.15,38.1
2025-07-13,Food & Beverage,East,4,19.58,78.32,18.59,23.7
2025-07-13,Food & Beverage,East,42,6.96,292.32,109.05,37.3
2025-07-13,Sports,South,44,94.64,4164.16,1557.57,37.4
2025-07-13,Clothing,West,23,15.9,365.7,168.88,46.2
2025-07-14,Clothing,West,13,28.59,371.67,127.2,34.2
2025-07-14,Clothing,West,57,102.57,5846.49,1883.24,32.2
2025-07-14,Clothing,East,14,102.39,1433.46,668.52,46.6
2025-07-14,Food & Beverage,East,18,37.07,667.26,133.64,20.0
2025-07-14,Books,North,35,36.25,1268.75,594.16,46.8
2025-07-14,Books,North,48,32.12,1541.76,529.96,34.4
2025-07-14,Clothing,East,59,106.23,6267.57,2012.89,32.1
2025-07-15,Books,West,17,15.06,256.02,96.96,37.9
2025-07-15,Clothing,South,47,104.76,4923.72,2694.9,54.7
2025-07-15,Sports,South,57,108.13,6163.41,1426.96,23.2
2025-07-15,Books,South,15,14.27,214.05,100.24,46.8
2025-07-15,Electronics,South,5,86.48,432.4,98.79,22.8
2025-07-15,Books,West,26,8.9,231.4,110.01,47.5
2025-07-15,Food & Beverage,East,56,27.31,1529.36,497.89,32.6
2025-07-15,Books,East,32,19.52,624.64,221.32,35.4
2025-07-16,Food & Beverage,East,13,22.28,289.64,66.03,22.8
2025-07-16,Food & Beverage,West,55,17.19,945.45,243.29,25.7
2025-07-16,Books,West,52,10.03,521.56,155.42,29.8
2025-07-16,Food & Beverage,South,6,11.67,70.02,16.6,23.7
2025-07-16,Electronics,North,37,214.52,7937.24,1817.95,22.9
2025-07-16,Books,East,33,11.34,374.22,122.96,32.9
2025-07-16,Sports,South,21,203.58,4275.18,1257.94,29.4
2025-07-16,Sports,West,20,240.75,4815.0,1234.3,25.6
2025-07-17,Clothing,North,30,122.32,3669.6,1354.25,36.9
2025-07-17,Clothing,East,50,94.84,4742.0,2593.04,54.7
2025-07-17,Food & Beverage,South,25,9.46,236.5,81.06,34.3
2025-07-17,Electronics,East,42,275.49,11570.58,1682.41,14.5
2025-07-17,Clothing,West,53,27.22,1442.66,712.95,49.4
2025-07-17,Food & Beverage,South,46,37.29,1715.34,464.1,27.1
2025-07-17,Sports,South,43,199.91,8596.13,2279.7,26.5
2025-07-17,Electronics,North,35,343.26,12014.1,2583.19,21.5
2025-07-17,Sports,East,59,73.59,4341.81,1764.44,40.6
2025-07-17,Electronics,East,47,277.19,13027.93,1719.81,13.2
2025-07-18,Food & Beverage,East,11,15.13,166.43,57.11,34.3
2025-07-18,Food & Beverage,South,28,40.51,1134.28,318.84,28.1
2025-07-18,Sports,East,18,252.76,4549.68,1592.83,35.0
2025-07-18,Sports,North,8,176.29,1410.32,491.59,34.9
2025-07-18,Clothing,North,45,81.13,3650.85,1822.35,49.9
2025-07-18,Clothing,South,58,55.53,3220.74,1330.94,41.3
2025-07-18,Books,West,26,29.82,775.32,266.36,34.4
2025-07-18,Clothing,West,1,26.7,26.7,14.09,52.8
2025-07-19,Electronics,East,53,128.56,6813.68,1206.79,17.7
2025-07-19,Books,North,2,43.33,86.66,28.99,33.5
2025-07-19,Books,North,3,10.13,30.39,8.66,28.5
2025-07-19,Clothing,South,5,42.72,213.6,81.16,38.0
2025-07-19,Clothing,North,28,20.45,572.6,214.89,37.5
2025-07-19,Books,North,50,43.0,2150.0,914.84,42.6
2025-07-19,Books,North,32,45.76,1464.32,672.03,45.9
2025-07-19,Clothing,North,13,62.9,817.7,316.01,38.6
2025-07-19,Clothing,West,12,110.18,1322.16,405.5,30.7
2025-07-20,Clothing,West,51,40.84,2082.84,691.41,33.2
2025-07-20,Food & Beverage,East,53,47.46,2515.38,784.43,31.2
2025-07-20,Clothing,South,10,29.47,294.7,135.56,46.0
2025-07-20,Sports,South,45,164.9,7420.5,2958.73,39.9
2025-07-20,Books,South,1,15.48,15.48,6.91,44.6
2025-07-20,Clothing,East,15,29.99,449.85,182.55,40.6
2025-07-20,Electronics,East,3,247.41,742.23,97.91,13.2
2025-07-20,Electronics,West,3,250.59,751.77,128.24,17.1
2025-07-20,Sports,North,49,178.74,8758.26,2204.27,25.2
2025-07-21,Clothing,West,3,25.36,76.08,32.17,42.3
2025-07-21,Clothing,West,7,52.19,365.33,186.8,51.1
2025-07-21,Books,South,58,34.93,2025.94,822.3,40.6
2025-07-21,Clothing,North,55,76.78,4222.9,2104.86,49.8
2025-07-21,Sports,East,35,256.83,8989.05,3378.72,37.6
2025-07-21,Sports,South,21,125.59,2637.39,718.77,27.3
2025-07-21,Clothing,South,14,106.31,1488.34,812.06,54.6
2025-07-21,Clothing,South,59,80.79,4766.61,1450.11,30.4
2025-07-21,Electronics,East,17,445.18,7568.06,1248.68,16.5
2025-07-21,Books,South,46,30.69,1411.74,674.65,47.8
2025-07-22,Clothing,South,47,104.06,4890.82,1962.47,40.1
2025-07-22,Sports,South,53,226.7,12015.1,5029.29,41.9
2025-07-22,Food & Beverage,South,24,31.07,745.68,268.48,36.0
2025-07-22,Clothing,West,56,98.87,5536.72,1753.3,31.7
2025-07-22,Electronics,North,18,241.11,4339.98,968.2,22.3
2025-07-22,Food & Beverage,North,53,17.98,952.94,264.07,27.7
2025-07-22,Food & Beverage,South,55,27.14,1492.7,359.71,24.1
2025-07-22,Electronics,East,10,76.48,764.8,157.39,20.6
2025-07-22,Clothing,West,12,57.14,685.68,215.53,31.4
2025-07-23,Food & Beverage,West,15,30.69,460.35,149.16,32.4
2025-07-23,Food & Beverage,West,5,19.12,95.6,22.5,23.5
2025-07-23,Sports,North,24,124.48,2987.52,997.04,33.4
2025-07-23,Clothing,North,24,27.69,664.56,361.75,54.4
2025-07-23,Food & Beverage,North,5,35.05,175.25,63.73,36.4
2025-07-23,Food & Beverage,East,28,18.08,506.24,148.79,29.4
2025-07-23,Electronics,West,38,419.56,15943.28,3137.98,19.7
2025-07-23,Sports,West,23,230.82,5308.86,1231.87,23.2
2025-07-23,Electronics,South,2,142.69,285.38,50.37,17.6
2025-07-23,Clothing,North,5,92.45,462.25,214.03,46.3
2025-07-24,Clothing,North,10,54.38,543.8,291.04,53.5
2025-07-24,Books,South,49,27.83,1363.67,625.06,45.8
2025-07-24,Books,West,30,25.02,750.6,299.39,39.9
2025-07-24,Sports,North,37,308.93,11430.41,3599.59,31.5
2025-07-25,Clothing,West,32,108.79,3481.28,1245.71,35.8
2025-07-25,Books,South,9,19.81,178.29,60.54,34.0
2025-07-25,Electronics,West,22,316.28,6958.16,1706.83,24.5
2025-07-25,Books,West,42,25.43,1068.06,353.59,33.1
2025-07-26,Clothing,East,13,28.46,369.98,119.48,32.3
2025-07-26,Sports,East,20,79.24,1584.8,650.98,41.1
2025-07-26,Books,East,12,16.23,194.76,55.17,28.3
2025-07-26,Clothing,North,38,25.61,973.18,496.85,51.1
2025-07-26,Food & Beverage,West,52,22.02,1145.04,433.56,37.9
2025-07-26,Books,West,52,37.49,1949.48,702.56,36.0
2025-07-26,Electronics,North,9,250.99,2258.91,435.89,19.3
2025-07-26,Sports,East,20,173.54,3470.8,1292.88,37.3
2025-07-26,Sports,West,20,172.24,3444.8,1166.47,33.9
2025-07-26,Food & Beverage,North,27,47.99,1295.73,333.17,25.7
2025-07-27,Sports,North,17,280.82,4773.94,1081.8,22.7
2025-07-27,Sports,South,23,96.58,2221.34,586.7,26.4
2025-07-27,Clothing,North,38,106.5,4047.0,2200.61,54.4
2025-07-27,Books,West,40,13.97,558.8,199.39,35.7
2025-07-27,Electronics,North,57,338.9,19317.3,3950.57,20.5
2025-07-27,Clothing,West,15,48.72,730.8,228.29,31.2
2025-07-28,Books,West,47,8.25,387.75,129.76,33.5
2025-07-28,Electronics,South,34,112.96,3840.64,667.34,17.4
2025-07-28,Clothing,West,20,39.65,793.0,253.44,32.0
2025-07-28,Food & Beverage,East,59,30.03,1771.77,620.1,35.0
2025-07-28,Books,East,40,21.62,864.8,399.71,46.2
2025-07-28,Sports,West,16,103.23,1651.68,472.52,28.6
2025-07-29,Food & Beverage,South,20,33.22,664.4,223.98,33.7
2025-07-29,Food & Beverage,North,26,35.22,915.72,275.35,30.1
2025-07-29,Clothing,South,54,80.19,4330.26,2227.62,51.4
2025-07-29,Food & Beverage,West,19,15.19,288.61,102.8,35.6
2025-07-29,Sports,East,2,168.53,337.06,119.73,35.5
2025-07-29,Books,South,10,13.67,136.7,52.83,38.6
2025-07-30,Sports,South,39,189.17,7377.63,2690.69,36.5
2025-07-30,Clothing,East,7,43.22,302.54,98.6,32.6
2025-07-30,Electronics,West,9,89.85,808.65,115.26,14.3
2025-07-30,Sports,North,31,126.91,3934.21,1573.08,40.0
2025-07-30,Books,East,13,18.05,234.65,96.97,41.3
2025-07-30,Sports,East,22,154.45,3397.9,1145.5,33.7
2025-07-30,Clothing,North,16,18.48,295.68,111.01,37.5
2025-07-30,Books,West,55,17.74,975.7,452.38,46.4
2025-07-31,Books,South,37,8.77,324.49,83.17,25.6
2025-07-31,Food & Beverage,North,9,46.05,414.45,91.51,22.1
2025-07-31,Sports,East,55,133.52,7343.6,2138.81,29.1
2025-07-31,Books,West,13,18.58,241.54,79.13,32.8
2025-07-31,Sports,North,36,304.59,10965.24,4541.48,41.4
2025-08-01,Books,South,5,14.72,73.6,24.5,33.3
2025-08-01,Food & Beverage,South,17,32.68,555.56,144.06,25.9
2025-08-01,Clothing,North,5,44.16,220.8,96.16,43.6
2025-08-01,Food & Beverage,North,57,16.34,931.38,333.48,35.8
2025-08-02,Sports,South,60,177.33,10639.8,2629.59,24.7
2025-08-02,Clothing,South,20,56.74,1134.8,392.39,34.6
2025-08-02,Sports,South,42,49.64,2084.88,584.29,28.0
2025-08-02,Sports,West,33,214.85,7090.05,2516.68,35.5
2025-08-02,Sports,North,3,192.22,576.66,230.85,40.0
2025-08-03,Food & Beverage,South,37,39.34,1455.58,373.04,25.6
2025-08-03,Books,North,10,41.81,418.1,167.4,40.0
2025-08-03,Sports,West,57,100.08,5704.56,1786.46,31.3
2025-08-03,Clothing,North,20,42.35,847.0,321.55,38.0
2025-08-03,Clothing,South,35,88.53,3098.55,1576.17,50.9
2025-08-03,Electronics,South,11,323.08,3553.88,708.06,19.9
2025-08-03,Food & Beverage,West,26,20.23,525.98,141.85,27.0
2025-08-03,Food & Beverage,South,13,12.64,164.32,46.68,28.4
2025-08-03,Clothing,South,1,26.38,26.38,8.8,33.4
2025-08-04,Books,North,14,16.72,234.08,59.06,25.2
2025-08-04,Electronics,South,13,142.69,1854.97,335.56,18.1
2025-08-04,Electronics,North,43,448.07,19267.01,4274.01,22.2
2025-08-04,Food & Beverage,North,29,50.04,1451.16,302.42,20.8
2025-08-04,Sports,East,49,244.74,11992.26,3235.81,27.0
2025-08-04,Electronics,South,18,267.4,4813.2,709.37,14.7
2025-08-04,Electronics,South,59,135.37,7986.83,1562.41,19.6
2025-08-05,Food & Beverage,West,11,15.57,171.27,38.25,22.3
2025-08-05,Clothing,North,9,82.48,742.32,307.78,41.5
2025-08-05,Books,North,6,25.92,155.52,44.71,28.8
2025-08-05,Clothing,South,19,18.43,350.17,137.73,39.3
2025-08-05,Sports,West,59,237.49,14011.91,4933.74,35.2
2025-08-05,Books,West,47,32.84,1543.48,421.93,27.3
2025-08-05,Sports,West,21,235.86,4953.06,1499.71,30.3
2025-08-05,Books,South,60,14.79,887.4,300.7,33.9
2025-08-05,Books,South,35,32.33,1131.55,397.58,35.1
2025-08-05,Sports,South,22,139.91,3078.02,1250.37,40.6
2025-08-06,Clothing,East,39,20.17,786.63,423.95,53.9
2025-08-06,Food & Beverage,West,26,39.12,1017.12,240.4,23.6
2025-08-06,Food & Beverage,South,16,24.16,386.56,118.07,30.5
2025-08-06,Sports,North,51,86.19,4395.69,1081.33,24.6
2025-08-06,Electronics,North,8,296.17,2369.36,581.87,24.6
2025-08-07,Clothing,East,45,76.7,3451.5,1732.09,50.2
2025-08-07,Books,North,43,42.92,1845.56,875.68,47.4
2025-08-07,Electronics,West,55,85.67,4711.85,1070.39,22.7
2025-08-07,Food & Beverage,North,52,38.32,1992.64,448.56,22.5
2025-08-08,Food & Beverage,North,38,56.03,2129.14,646.09,30.3
2025-08-08,Food & Beverage,South,39,17.39,678.21,242.22,35.7
2025-08-08,Electronics,West,7,129.64,907.48,125.66,13.8
2025-08-08,Sports,West,48,92.14,4422.72,1167.87,26.4
2025-08-08,Sports,South,11,30.07,330.77,129.47,39.1
2025-08-09,Clothing,North,25,38.52,963.0,452.4,47.0
2025-08-09,Food & Beverage,West,55,48.12,2646.6,957.42,36.2
2025-08-09,Electronics,South,13,374.84,4872.92,771.26,15.8
2025-08-09,Sports,North,20,177.74,3554.8,1150.73,32.4
2025-08-09,Books,East,1,17.5,17.5,4.46,25.5
2025-08-10,Electronics,East,40,327.47,13098.8,2876.16,22.0
2025-08-10,Food & Beverage,North,40,45.4,1816.0,440.64,24.3
2025-08-10,Sports,West,17,185.23,3148.91,1261.94,40.1
2025-08-10,Sports,West,41,193.8,7945.8,2002.28,25.2
2025-08-10,Books,East,27,16.23,438.21,128.2,29.3
2025-08-11,Sports,East,51,74.51,3800.01,1529.16,40.2
2025-08-11,Books,South,2,19.25,38.5,17.47,45.4
2025-08-11,Food & Beverage,North,10,47.64,476.4,98.5,20.7
2025-08-11,Food & Beverage,South,10,28.5,285.0,57.97,20.3
2025-08-11,Food & Beverage,West,14,6.89,96.46,28.77,29.8
2025-08-11,Food & Beverage,West,15,24.62,369.3,100.69,27.3
2025-08-11,Clothing,West,12,101.8,1221.6,587.2,48.1
2025-08-12,Clothing,North,28,62.77,1757.56,674.56,38.4
2025-08-12,Food & Beverage,North,42,40.36,1695.12,420.27,24.8
2025-08-12,Clothing,South,47,23.61,1109.67,514.53,46.4
2025-08-12,Electronics,North,18,313.81,5648.58,1303.22,23.1
2025-08-12,Clothing,South,5,90.89,454.45,145.85,32.1
2025-08-12,Clothing,North,54,38.13,2059.02,656.97,31.9
2025-08-12,Food & Beverage,North,46,25.03,1151.38,242.63,21.1
2025-08-12,Sports,West,35,153.87,5385.45,1617.21,30.0
2025-08-12,Electronics,North,49,317.49,15557.01,2940.41,18.9
2025-08-13,Books,North,25,20.58,514.5,164.79,32.0
2025-08-13,Clothing,North,3,113.2,339.6,116.96,34.4
2025-08-13,Books,West,29,28.42,824.18,297.12,36.1
2025-08-13,Food & Beverage,East,50,40.06,2003.0,515.86,25.8
2025-08-13,Sports,East,56,135.05,7562.8,2133.91,28.2
2025-08-13,Electronics,West,47,114.16,5365.52,850.46,15.9
2025-08-14,Electronics,South,46,360.06,16562.76,3728.71,22.5
2025-08-14,Clothing,North,13,39.35,511.55,192.55,37.6
2025-08-14,Electronics,North,19,145.16,2758.04,421.65,15.3
2025-08-14,Clothing,North,19,105.73,2008.87,1073.57,53.4
2025-08-14,Books,North,6,26.53,159.18,62.31,39.1
2025-08-15,Sports,East,37,212.15,7849.55,1878.45,23.9
2025-08-15,Clothing,South,8,82.99,663.92,202.48,30.5
2025-08-15,Clothing,West,28,58.03,1624.84,787.03,48.4
2025-08-15,Clothing,North,4,17.9,71.6,38.24,53.4
2025-08-15,Clothing,East,13,75.72,984.36,341.71,34.7
2025-08-16,Electronics,East,41,88.8,3640.8,820.09,22.5
2025-08-16,Food & Beverage,South,57,25.94,1478.58,335.62,22.7
2025-08-16,Electronics,East,36,329.71,11869.56,2851.51,24.0
2025-08-16,Books,South,43,29.62,1273.66,543.19,42.6
2025-08-17,Electronics,West,26,258.63,6724.38,1184.74,17.6
2025-08-17,Sports,West,60,89.5,5370.0,1425.35,26.5
2025-08-17,Books,South,57,32.32,1842.24,718.78,39.0
2025-08-17,Sports,South,14,209.94,2939.16,886.16,30.2
2025-08-18,Electronics,East,41,114.15,4680.15,945.6,20.2
2025-08-18,Books,West,12,20.72,248.64,68.15,27.4
2025-08-18,Sports,East,50,58.15,2907.5,1205.54,41.5
2025-08-18,Clothing,South,43,61.3,2635.9,894.13,33.9
2025-08-18,Clothing,South,7,77.1,539.7,276.48,51.2
2025-08-18,Clothing,East,58,36.35,2108.3,1021.04,48.4
2025-08-18,Electronics,West,21,320.84,6737.64,1477.92,21.9
2025-08-18,Electronics,West,58,240.17,13929.86,2369.94,17.0
2025-08-18,Electronics,West,49,292.61,14337.89,2410.64,16.8
2025-08-19,Clothing,North,41,125.79,5157.39,2241.18,43.5
2025-08-19,Electronics,East,16,360.16,5762.56,1156.85,20.1
2025-08-19,Sports,West,27,57.43,1550.61,625.89,40.4
2025-08-19,Electronics,East,38,228.46,8681.48,2004.73,23.1
2025-08-19,Clothing,East,23,88.6,2037.8,702.12,34.5
2025-08-19,Electronics,South,45,186.76,8404.2,1411.26,16.8
2025-08-19,Sports,West,49,71.05,3481.45,1371.61,39.4
2025-08-19,Books,North,9,21.11,189.99,56.42,29.7
2025-08-20,Books,South,22,16.59,364.98,141.81,38.9
2025-08-20,Sports,North,49,160.97,7887.53,2205.13,28.0
2025-08-20,Clothing,North,29,49.63,1439.27,602.76,41.9
2025-08-20,Books,West,28,26.89,752.92,360.88,47.9
2025-08-20,Electronics,West,37,288.89,10688.93,1955.82,18.3
2025-08-20,Books,North,36,37.97,1366.92,485.5,35.5
2025-08-20,Sports,East,36,122.52,4410.72,1515.35,34.4
2025-08-20,Books,East,26,17.67,459.42,215.62,46.9
2025-08-21,Books,East,8,22.21,177.68,54.33,30.6
2025-08-21,Sports,East,14,134.89,1888.46,635.1,33.6
2025-08-21,Books,North,25,19.98,499.5,192.0,38.4
2025-08-21,Electronics,East,19,189.87,3607.53,804.49,22.3
2025-08-21,Clothing,West,57,16.04,914.28,494.82,54.1
2025-08-22,Electronics,South,26,106.03,2756.78,495.2,18.0
2025-08-22,Sports,West,19,167.32,3179.08,1272.73,40.0
2025-08-22,Electronics,South,18,232.98,4193.64,640.98,15.3
2025-08-22,Books,North,50,17.35,867.5,327.87,37.8
2025-08-23,Books,South,56,26.37,1476.72,383.16,25.9
2025-08-23,Sports,East,43,245.0,10535.0,3478.79,33.0
2025-08-23,Books,West,17,34.67,589.39,248.14,42.1
2025-08-23,Electronics,East,27,440.35,11889.45,1792.37,15.1
2025-08-23,Clothing,West,51,53.91,2749.41,833.57,30.3
2025-08-23,Electronics,South,3,279.57,838.71,179.17,21.4
2025-08-23,Sports,North,38,289.72,11009.36,4136.34,37.6
2025-08-23,Food & Beverage,South,2,41.4,82.8,30.64,37.0
2025-08-24,Food & Beverage,North,36,19.26,693.36,203.2,29.3
2025-08-24,Sports,East,28,148.16,4148.48,955.63,23.0
2025-08-24,Sports,North,42,66.49,2792.58,878.05,31.4
2025-08-24,Sports,North,2,64.95,129.9,48.07,37.0
2025-08-24,Sports,East,57,211.43,12051.51,2766.08,23.0
2025-08-24,Food & Beverage,East,20,50.12,1002.4,230.97,23.0
2025-08-24,Books,North,26,27.01,702.26,283.02,40.3
2025-08-25,Books,West,53,37.33,1978.49,569.63,28.8
2025-08-25,Electronics,West,10,349.1,3491.0,476.12,13.6
2025-08-25,Food & Beverage,East,40,33.48,1339.2,474.68,35.4
2025-08-25,Clothing,East,60,62.66,3759.6,1295.43,34.5
2025-08-25,Clothing,North,39,18.21,710.19,254.94,35.9
2025-08-25,Food & Beverage,West,51,6.32,322.32,90.18,28.0
2025-08-25,Sports,West,20,164.38,3287.6,1173.5,35.7
2025-08-26,Food & Beverage,South,39,22.2,865.8,185.41,21.4
2025-08-26,Clothing,South,21,14.08,295.68,150.09,50.8
2025-08-26,Clothing,East,22,96.08,2113.76,749.41,35.5
2025-08-26,Clothing,North,1,106.73,106.73,42.54,39.9
2025-08-26,Clothing,North,60,122.17,7330.2,3902.04,53.2
2025-08-26,Sports,South,60,201.83,12109.8,3010.95,24.9
2025-08-27,Sports,South,28,200.38,5610.64,1835.88,32.7
2025-08-27,Books,South,40,17.18,687.2,222.53,32.4
2025-08-27,Food & Beverage,East,11,13.8,151.8,47.62,31.4
2025-08-27,Clothing,East,9,94.34,849.06,321.08,37.8
2025-08-27,Sports,North,33,127.17,4196.61,1232.33,29.4
2025-08-27,Electronics,West,5,87.54,437.7,104.66,23.9
2025-08-27,Books,North,24,20.55,493.2,133.82,27.1
2025-08-28,Sports,East,18,154.19,2775.42,1035.06,37.3
2025-08-28,Clothing,East,50,31.31,1565.5,641.21,41.0
2025-08-28,Books,East,8,36.4,291.2,129.33,44.4
2025-08-28,Electronics,East,38,183.96,6990.48,1571.12,22.5
2025-08-28,Books,West,13,16.32,212.16,94.39,44.5
2025-08-28,Books,South,3,16.8,50.4,18.26,36.2
2025-08-28,Books,North,15,16.38,245.7,91.37,37.2
2025-08-29,Electronics,North,45,160.74,7233.3,1644.24,22.7
2025-08-29,Books,South,28,34.17,956.76,352.07,36.8
2025-08-29,Books,South,52,33.51,1742.52,463.01,26.6
2025-08-29,Clothing,West,35,64.9,2271.5,686.93,30.2
2025-08-29,Books,West,12,18.11,217.32,57.46,26.4
2025-08-29,Clothing,North,29,100.75,2921.75,1174.98,40.2
2025-08-29,Clothing,East,47,40.71,1913.37,962.51,50.3
2025-08-30,Books,North,7,28.04,196.28,88.05,44.9
2025-08-30,Food & Beverage,West,44,26.53,1167.32,278.41,23.9
2025-08-30,Sports,West,6,213.28,1279.68,394.83,30.9
2025-08-30,Sports,South,38,208.7,7930.6,2678.72,33.8
2025-08-30,Electronics,East,15,150.08,2251.2,386.05,17.1
2025-08-30,Books,East,57,21.04,1199.28,518.8,43.3
2025-08-30,Food & Beverage,East,4,34.05,136.2,40.18,29.5
2025-08-30,Electronics,North,8,98.0,784.0,154.78,19.7
2025-08-30,Food & Beverage,West,15,30.98,464.7,133.02,28.6
2025-08-30,Clothing,East,11,26.25,288.75,92.76,32.1
2025-08-31,Sports,East,58,105.47,6117.26,2141.72,35.0
2025-08-31,Sports,East,48,277.56,13322.88,5000.02,37.5
2025-08-31,Food & Beverage,West,38,21.68,823.84,176.42,21.4
2025-08-31,Food & Beverage,West,22,33.58,738.76,217.35,29.4
2025-08-31,Books,South,34,28.57,971.38,431.09,44.4
2025-08-31,Electronics,South,10,84.16,841.6,182.52,21.7
2025-08-31,Sports,North,53,72.09,3820.77,1244.67,32.6
2025-08-31,Clothing,West,58,23.6,1368.8,415.56,30.4
2025-09-01,Books,East,59,49.01,2891.59,1338.38,46.3
2025-09-01,Electronics,East,51,590.82,30131.82,5282.38,17.5
2025-09-01,Clothing,West,34,26.01,884.34,305.59,34.6
2025-09-01,Clothing,North,14,81.03,1134.42,437.24,38.5
2025-09-01,Sports,North,50,39.96,1998.0,537.77,26.9
2025-09-01,Sports,North,18,218.67,3936.06,1130.88,28.7
2025-09-02,Electronics,South,54,134.19,7246.26,1310.42,18.1
2025-09-02,Electronics,East,21,179.02,3759.42,872.14,23.2
2025-09-02,Sports,South,15,151.34,2270.1,669.08,29.5
2025-09-02,Food & Beverage,North,49,43.11,2112.39,786.31,37.2
2025-09-03,Food & Beverage,South,9,31.77,285.93,52.61,18.4
2025-09-03,Electronics,North,37,250.16,9255.92,1814.01,19.6
2025-09-03,Electronics,South,55,328.0,18040.0,4164.86,23.1
2025-09-03,Sports,East,9,143.15,1288.35,364.64,28.3
2025-09-04,Clothing,West,3,75.27,225.81,106.7,47.3
2025-09-04,Food & Beverage,North,55,31.74,1745.7,357.18,20.5
2025-09-04,Food & Beverage,East,4,46.8,187.2,44.9,24.0
2025-09-04,Sports,South,26,29.29,761.54,219.82,28.9
2025-09-05,Books,West,14,24.16,338.24,115.84,34.2
2025-09-05,Sports,North,14,165.87,2322.18,747.58,32.2
2025-09-05,Books,West,37,19.02,703.74,233.11,33.1
2025-09-05,Books,North,46,11.35,522.1,170.62,32.7
2025-09-05,Food & Beverage,West,6,21.5,129.0,47.88,37.1
2025-09-05,Sports,South,6,123.41,740.46,290.37,39.2
2025-09-05,Sports,South,38,96.95,3684.1,947.5,25.7
2025-09-05,Food & Beverage,North,7,25.41,177.87,40.77,22.9
2025-09-05,Books,North,43,16.96,729.28,267.54,36.7
2025-09-06,Sports,West,12,102.25,1227.0,479.82,39.1
2025-09-06,Books,West,50,34.57,1728.5,595.07,34.4
2025-09-06,Food & Beverage,South,19,11.67,221.73,43.56,19.6
2025-09-06,Food & Beverage,East,5,43.85,219.25,69.41,31.7
2025-09-06,Electronics,North,58,171.17,9927.86,2480.9,25.0
2025-09-07,Food & Beverage,South,22,26.18,575.96,197.92,34.4
2025-09-07,Food & Beverage,West,54,16.95,915.3,343.29,37.5
2025-09-07,Electronics,North,13,498.31,6478.03,1237.9,19.1
2025-09-07,Clothing,West,14,15.87,222.18,74.58,33.6
2025-09-07,Sports,South,28,39.76,1113.28,435.79,39.1
2025-09-07,Electronics,East,41,237.95,9755.95,1513.89,15.5
2025-09-07,Electronics,South,38,230.19,8747.22,1290.07,14.7
2025-09-08,Books,West,37,40.22,1488.14,515.24,34.6
2025-09-08,Sports,East,45,163.92,7376.4,2976.29,40.3
2025-09-08,Books,North,37,18.71,692.27,253.58,36.6
2025-09-08,Food & Beverage,West,49,17.13,839.37,204.79,24.4
2025-09-09,Electronics,South,54,463.54,25031.16,4073.19,16.3
2025-09-09,Sports,South,55,97.54,5364.7,1666.83,31.1
2025-09-09,Clothing,North,42,134.12,5633.04,2825.03,50.2
2025-09-09,Books,North,51,15.71,801.21,271.02,33.8
2025-09-09,Food & Beverage,North,13,21.54,280.02,62.07,22.2
2025-09-09,Books,North,33,32.83,1083.39,407.49,37.6
2025-09-10,Food & Beverage,South,47,13.98,657.06,171.45,26.1
2025-09-10,Sports,West,1,169.29,169.29,40.44,23.9
2025-09-10,Electronics,North,40,639.66,25586.4,6203.94,24.2
2025-09-10,Food & Beverage,South,33,37.95,1252.35,444.17,35.5
2025-09-10,Electronics,South,35,144.33,5051.55,693.69,13.7
2025-09-10,Food & Beverage,South,3,41.92,125.76,24.34,19.4
2025-09-10,Clothing,South,58,21.53,1248.74,385.5,30.9
2025-09-11,Food & Beverage,West,30,11.03,330.9,77.33,23.4
2025-09-11,Food & Beverage,North,2,8.68,17.36,5.52,31.8
2025-09-11,Books,East,7,32.86,230.02,65.95,28.7
2025-09-11,Food & Beverage,South,54,26.81,1447.74,282.39,19.5
2025-09-11,Books,West,46,33.26,1529.96,417.25,27.3
2025-09-11,Clothing,South,49,39.68,1944.32,1046.1,53.8
2025-09-11,Electronics,West,10,471.18,4711.8,1167.51,24.8
2025-09-11,Books,West,14,16.64,232.96,78.24,33.6
2025-09-11,Sports,East,51,48.24,2460.24,683.76,27.8
2025-09-12,Clothing,South,27,22.92,618.84,268.2,43.3
2025-09-12,Books,North,3,19.54,58.62,19.81,33.8
2025-09-12,Sports,North,45,101.97,4588.65,1055.63,23.0
2025-09-12,Electronics,South,35,267.55,9364.25,1969.11,21.0
2025-09-12,Clothing,North,60,129.54,7772.4,3845.46,49.5
2025-09-12,Electronics,East,50,520.15,26007.5,4442.6,17.1
2025-09-13,Sports,South,5,110.54,552.7,143.33,25.9
2025-09-13,Books,North,1,26.01,26.01,9.35,35.9
2025-09-13,Food & Beverage,North,4,10.71,42.84,9.8,22.9
2025-09-13,Food & Beverage,North,2,47.07,94.14,21.02,22.3
2025-09-13,Sports,North,13,178.8,2324.4,527.46,22.7
2025-09-13,Sports,South,11,33.15,364.65,95.11,26.1
2025-09-13,Sports,North,48,128.43,6164.64,2446.87,39.7
2025-09-13,Sports,West,10,53.41,534.1,120.17,22.5
2025-09-13,Food & Beverage,East,56,48.82,2733.92,915.03,33.5
2025-09-13,Sports,North,32,45.97,1471.04,372.82,25.3
2025-09-14,Electronics,West,54,99.17,5355.18,821.42,15.3
2025-09-14,Clothing,West,4,118.24,472.96,159.0,33.6
2025-09-14,Clothing,East,19,110.22,2094.18,1115.5,53.3
2025-09-14,Clothing,South,24,27.13,651.12,300.81,46.2
2025-09-14,Electronics,South,22,168.54,3707.88,884.25,23.8
2025-09-14,Food & Beverage,North,10,55.14,551.4,200.03,36.3
2025-09-14,Electronics,East,20,493.42,9868.4,1756.48,17.8
2025-09-14,Sports,South,25,117.96,2949.0,771.6,26.2
2025-09-14,Clothing,West,42,80.68,3388.56,1284.1,37.9
2025-09-14,Clothing,South,31,52.15,1616.65,748.33,46.3
2025-09-15,Food & Beverage,North,44,12.68,557.92,206.21,37.0
2025-09-15,Food & Beverage,East,8,23.31,186.48,38.47,20.6
2025-09-15,Electronics,North,21,663.97,13943.37,2646.63,19.0
2025-09-15,Electronics,South,52,281.39,14632.28,3431.41,23.5
2025-09-15,Food & Beverage,West,17,26.55,451.35,119.87,26.6
2025-09-15,Books,West,9,17.81,160.29,54.06,33.7
2025-09-15,Electronics,North,33,414.99,13694.67,2198.75,16.1
2025-09-15,Food & Beverage,North,33,44.52,1469.16,393.24,26.8
2025-09-16,Books,North,37,15.88,587.56,151.29,25.7
2025-09-16,Food & Beverage,South,6,22.21,133.26,25.15,18.9
2025-09-16,Sports,South,26,116.48,3028.48,1108.64,36.6
2025-09-16,Clothing,South,51,44.31,2259.81,808.14,35.8
2025-09-16,Books,East,33,27.7,914.1,322.93,35.3
2025-09-16,Electronics,South,8,188.01,1504.08,369.27,24.6
2025-09-16,Sports,East,18,102.59,1846.62,460.93,25.0
2025-09-16,Electronics,South,5,539.03,2695.15,393.25,14.6
2025-09-16,Sports,South,56,20.36,1140.16,456.67,40.1
2025-09-17,Clothing,South,1,19.26,19.26,5.87,30.5
2025-09-17,Books,West,16,40.06,640.96,269.89,42.1
2025-09-17,Sports,West,16,126.87,2029.92,695.12,34.2
2025-09-17,Electronics,North,8,256.53,2052.24,354.64,17.3
2025-09-18,Electronics,North,25,439.45,10986.25,2377.2,21.6
2025-09-18,Clothing,South,9,78.28,704.52,246.85,35.0
2025-09-18,Sports,West,48,148.94,7149.12,1636.76,22.9
2025-09-18,Electronics,East,20,388.33,7766.6,1782.78,23.0
2025-09-19,Books,West,31,48.0,1488.0,504.96,33.9
2025-09-19,Electronics,North,2,644.42,1288.84,291.37,22.6
2025-09-19,Books,East,44,18.91,832.04,291.17,35.0
2025-09-19,Electronics,South,29,123.81,3590.49,475.72,13.2
2025-09-20,Food & Beverage,North,43,37.01,1591.43,491.99,30.9
2025-09-20,Food & Beverage,East,33,11.94,394.02,116.1,29.5
2025-09-20,Food & Beverage,South,2,12.16,24.32,5.64,23.2
2025-09-20,Electronics,North,24,228.32,5479.68,1200.83,21.9
2025-09-21,Sports,West,2,100.37,200.74,59.22,29.5
2025-09-21,Books,East,19,33.55,637.45,262.59,41.2
2025-09-21,Sports,West,29,46.69,1354.01,312.42,23.1
2025-09-21,Electronics,South,18,486.13,8750.34,1870.23,21.4
2025-09-21,Clothing,North,45,78.47,3531.15,1872.08,53.0
2025-09-21,Clothing,West,39,111.86,4362.54,1623.94,37.2
2025-09-22,Clothing,West,10,18.54,185.4,71.69,38.7
2025-09-22,Electronics,West,17,443.17,7533.89,1790.27,23.8
2025-09-22,Sports,South,51,165.86,8458.86,2938.9,34.7
2025-09-22,Clothing,West,20,31.78,635.6,338.54,53.3
2025-09-23,Sports,North,1,83.99,83.99,21.16,25.2
2025-09-23,Electronics,South,36,404.47,14560.92,1950.2,13.4
2025-09-23,Electronics,West,5,412.68,2063.4,458.53,22.2
2025-09-23,Food & Beverage,East,37,6.1,225.7,70.67,31.3
2025-09-23,Sports,North,57,29.56,1684.92,527.26,31.3
2025-09-23,Clothing,South,4,38.5,154.0,61.92,40.2
2025-09-24,Electronics,South,36,196.31,7067.16,979.74,13.9
2025-09-24,Electronics,North,6,529.69,3178.14,689.44,21.7
2025-09-24,Clothing,South,58,25.52,1480.16,716.03,48.4
2025-09-24,Sports,North,23,41.54,955.42,215.8,22.6
2025-09-25,Books,East,1,30.15,30.15,10.52,34.9
2025-09-25,Food & Beverage,South,53,35.76,1895.28,618.06,32.6
2025-09-25,Food & Beverage,East,25,39.53,988.25,369.73,37.4
2025-09-25,Food & Beverage,South,58,10.35,600.3,160.86,26.8
2025-09-25,Clothing,East,25,106.73,2668.25,817.25,30.6
2025-09-25,Books,North,22,21.49,472.78,157.99,33.4
2025-09-26,Clothing,East,32,108.95,3486.4,1272.08,36.5
2025-09-26,Food & Beverage,West,6,27.1,162.6,42.6,26.2
2025-09-26,Clothing,South,21,85.02,1785.42,870.15,48.7
2025-09-26,Clothing,West,43,115.03,4946.29,1971.39,39.9
2025-09-26,Electronics,West,55,306.83,16875.65,3800.42,22.5
2025-09-26,Food & Beverage,West,10,43.52,435.2,102.36,23.5
2025-09-26,Electronics,West,57,598.89,34136.73,7878.73,23.1
2025-09-26,Sports,East,51,138.85,7081.35,2228.22,31.5
2025-09-26,Electronics,South,38,113.66,4319.08,634.91,14.7
2025-09-27,Electronics,West,60,150.86,9051.6,1686.62,18.6
2025-09-27,Books,West,20,46.98,939.6,262.03,27.9
2025-09-27,Food & Beverage,East,52,15.15,787.8,150.26,19.1
2025-09-27,Sports,West,36,47.42,1707.12,413.28,24.2
2025-09-28,Food & Beverage,West,54,16.38,884.52,289.81,32.8
2025-09-28,Food & Beverage,South,23,14.9,342.7,115.53,33.7
2025-09-28,Electronics,West,43,444.24,19102.32,4281.48,22.4
2025-09-28,Electronics,North,7,499.07,3493.49,697.37,20.0
2025-09-29,Clothing,North,34,34.97,1188.98,430.73,36.2
2025-09-29,Sports,South,20,54.51,1090.2,387.49,35.5
2025-09-29,Food & Beverage,South,47,7.12,334.64,94.82,28.3
2025-09-29,Books,West,35,10.49,367.15,126.0,34.3
2025-09-29,Food & Beverage,North,23,49.57,1140.11,391.41,34.3
2025-09-29,Electronics,South,6,159.43,956.58,223.99,23.4
2025-09-29,Food & Beverage,South,43,34.86,1498.98,294.48,19.6
2025-09-29,Clothing,South,56,16.27,911.12,434.66,47.7
2025-09-29,Electronics,East,40,494.51,19780.4,3731.1,18.9
2025-09-29,Electronics,South,32,150.94,4830.08,1027.64,21.3
2025-09-30,Books,West,4,47.52,190.08,56.38,29.7
2025-09-30,Electronics,South,7,356.14,2492.98,477.65,19.2
2025-09-30,Books,North,6,14.99,89.94,28.19,31.3
2025-09-30,Electronics,South,20,503.25,10065.0,1829.11,18.2
2025-09-30,Electronics,South,7,426.7,2986.9,551.17,18.5
2025-09-30,Electronics,West,49,424.72,20811.28,3619.96,17.4
2025-09-30,Electronics,West,57,563.37,32112.09,7028.46,21.9
2025-09-30,Food & Beverage,North,47,32.0,1504.0,300.36,20.0
2025-09-30,Food & Beverage,West,53,28.57,1514.21,535.22,35.3
2025-10-01,Electronics,North,14,554.81,7767.34,1276.13,16.4
2025-10-01,Food & Beverage,South,46,9.33,429.18,117.81,27.5
2025-10-01,Clothing,West,34,93.19,3168.46,1324.16,41.8
2025-10-01,Sports,North,46,69.93,3216.78,779.72,24.2
2025-10-02,Electronics,West,2,312.06,624.12,116.43,18.7
2025-10-02,Books,West,54,12.95,699.3,318.58,45.6
2025-10-02,Books,West,17,23.4,397.8,170.35,42.8
2025-10-02,Books,South,32,16.96,542.72,163.98,30.2
2025-10-02,Sports,West,36,175.39,6314.04,2525.2,40.0
2025-10-02,Electronics,South,52,180.41,9381.32,1143.96,12.2
2025-10-02,Books,East,51,20.22,1031.22,463.47,44.9
2025-10-03,Electronics,North,11,406.59,4472.49,925.75,20.7
2025-10-03,Food & Beverage,South,52,35.61,1851.72,412.3,22.3
2025-10-03,Sports,South,11,175.19,1927.09,470.8,24.4
2025-10-03,Books,North,51,45.75,2333.25,906.62,38.9
2025-10-03,Sports,East,55,107.16,5893.8,1766.27,30.0
2025-10-03,Sports,North,25,188.78,4719.5,1682.26,35.6
2025-10-03,Food & Beverage,North,28,37.82,1058.96,215.69,20.4
2025-10-03,Books,East,45,33.55,1509.75,682.13,45.2
2025-10-04,Electronics,East,4,408.49,1633.96,374.23,22.9
2025-10-04,Food & Beverage,South,25,7.44,186.0,51.35,27.6
2025-10-04,Electronics,South,13,209.58,2724.54,673.78,24.7
2025-10-04,Books,East,58,34.67,2010.86,633.17,31.5
2025-10-04,Clothing,North,40,82.24,3289.6,1169.56,35.6
2025-10-05,Food & Beverage,East,33,8.37,276.21,51.02,18.5
2025-10-05,Food & Beverage,North,48,27.75,1332.0,455.38,34.2
2025-10-05,Electronics,North,21,506.49,10636.29,1341.14,12.6
2025-10-05,Electronics,East,59,115.43,6810.37,1238.91,18.2
2025-10-05,Food & Beverage,West,45,18.09,814.05,262.6,32.3
2025-10-06,Clothing,East,15,49.91,748.65,241.57,32.3
2025-10-06,Electronics,East,2,445.7,891.4,209.0,23.4
2025-10-06,Food & Beverage,West,27,16.68,450.36,170.56,37.9
2025-10-06,Sports,West,55,192.65,10595.75,3009.31,28.4
2025-10-06,Clothing,East,21,97.83,2054.43,1085.97,52.9
2025-10-07,Clothing,North,58,71.47,4145.26,1754.15,42.3
2025-10-07,Electronics,South,15,295.88,4438.2,974.01,21.9
2025-10-07,Sports,North,22,97.99,2155.78,541.0,25.1
2025-10-07,Electronics,West,11,175.37,1929.07,327.63,17.0
2025-10-08,Food & Beverage,East,28,41.08,1150.24,400.88,34.9
2025-10-08,Food & Beverage,East,28,41.78,1169.84,320.2,27.4
2025-10-08,Electronics,East,5,278.72,1393.6,172.18,12.4
2025-10-08,Clothing,North,53,77.63,4114.39,1360.32,33.1
2025-10-08,Sports,East,49,144.29,7070.21,2307.09,32.6
2025-10-09,Clothing,West,43,90.88,3907.84,1383.88,35.4
2025-10-09,Sports,East,20,205.97,4119.4,1342.99,32.6
2025-10-09,Clothing,West,19,101.24,1923.56,981.27,51.0
2025-10-09,Books,East,46,23.82,1095.72,319.56,29.2
2025-10-09,Electronics,South,37,137.3,5080.1,781.03,15.4
2025-10-09,Sports,West,10,180.83,1808.3,465.07,25.7
2025-10-09,Books,East,3,23.48,70.44,24.55,34.9
2025-10-09,Clothing,North,29,96.06,2785.74,1098.45,39.4
2025-10-09,Clothing,South,31,102.86,3188.66,1641.89,51.5
2025-10-10,Clothing,East,14,95.86,1342.04,727.01,54.2
2025-10-10,Sports,West,27,144.49,3901.23,1137.7,29.2
2025-10-10,Clothing,South,58,63.49,3682.42,1769.44,48.1
2025-10-10,Sports,North,27,208.46,5628.42,2019.57,35.9
2025-10-10,Food & Beverage,West,38,35.57,1351.66,290.98,21.5
2025-10-10,Food & Beverage,East,50,16.37,818.5,148.32,18.1
2025-10-10,Electronics,South,31,147.61,4575.91,797.84,17.4
2025-10-10,Electronics,East,39,460.51,17959.89,3156.96,17.6
2025-10-10,Food & Beverage,North,21,15.68,329.28,102.49,31.1
2025-10-11,Sports,West,4,152.61,610.44,195.36,32.0
2025-10-11,Sports,West,46,81.02,3726.92,1009.77,27.1
2025-10-11,Sports,North,38,168.82,6415.16,1446.77,22.6
2025-10-11,Books,East,10,36.79,367.9,132.33,36.0
2025-10-11,Sports,South,30,136.04,4081.2,1045.0,25.6
2025-10-11,Clothing,South,42,27.41,1151.22,375.09,32.6
2025-10-12,Electronics,West,54,235.82,12734.28,2996.52,23.5
2025-10-12,Sports,North,32,45.07,1442.24,364.71,25.3
2025-10-12,Food & Beverage,South,40,40.26,1610.4,409.67,25.4
2025-10-12,Food & Beverage,East,54,31.36,1693.44,500.28,29.5
2025-10-12,Clothing,North,24,38.47,923.28,300.89,32.6
2025-10-12,Sports,North,14,143.99,2015.86,768.64,38.1
2025-10-12,Clothing,North,58,39.01,2262.58,912.5,40.3
2025-10-12,Books,North,7,45.89,321.23,146.1,45.5
2025-10-12,Clothing,West,18,67.02,1206.36,385.26,31.9
2025-10-12,Sports,North,56,37.79,2116.24,662.19,31.3
2025-10-13,Electronics,South,52,449.17,23356.84,4017.57,17.2
2025-10-13,Clothing,West,57,96.75,5514.75,2878.94,52.2
2025-10-13,Electronics,North,19,373.74,7101.06,1044.77,14.7
2025-10-13,Sports,West,12,65.68,788.16,217.48,27.6
2025-10-13,Books,South,55,10.46,575.3,250.78,43.6
2025-10-13,Clothing,East,51,64.66,3297.66,1796.31,54.5
2025-10-13,Books,North,35,17.38,608.3,230.82,37.9
2025-10-13,Sports,East,17,32.5,552.5,218.9,39.6
2025-10-13,Books,East,7,31.88,223.16,67.03,30.0
2025-10-13,Books,South,9,20.51,184.59,52.86,28.6
2025-10-14,Sports,South,35,157.51,5512.85,1389.31,25.2
2025-10-14,Books,North,53,23.46,1243.38,410.38,33.0
2025-10-14,Electronics,East,50,332.38,16619.0,2921.64,17.6
2025-10-14,Clothing,West,46,59.08,2717.68,1083.77,39.9
2025-10-14,Food & Beverage,South,30,39.45,1183.5,343.92,29.1
2025-10-14,Food & Beverage,East,14,33.04,462.56,107.76,23.3
2025-10-14,Books,East,2,23.61,47.22,11.81,25.0
2025-10-14,Books,West,20,34.11,682.2,236.25,34.6
2025-10-14,Sports,East,49,99.02,4851.98,1912.69,39.4
2025-10-14,Clothing,North,35,18.49,647.15,309.8,47.9
2025-10-15,Books,South,39,8.54,333.06,97.53,29.3
2025-10-15,Electronics,East,50,447.95,22397.5,3559.14,15.9
2025-10-15,Clothing,North,18,48.53,873.54,387.07,44.3
2025-10-15,Electronics,South,12,411.73,4940.76,816.73,16.5
2025-10-16,Clothing,South,12,14.12,169.44,57.94,34.2
2025-10-16,Food & Beverage,North,3,13.72,41.16,10.49,25.5
2025-10-16,Food & Beverage,East,55,51.24,2818.2,571.26,20.3
2025-10-16,Clothing,East,19,51.97,987.43,473.45,47.9
2025-10-16,Electronics,South,55,225.02,12376.1,2296.49,18.6
2025-10-17,Books,East,45,34.72,1562.4,614.76,39.3
2025-10-17,Clothing,South,57,28.83,1643.31,842.11,51.2
2025-10-17,Sports,South,38,87.13,3310.94,733.2,22.1
2025-10-17,Books,North,23,29.97,689.31,289.71,42.0
2025-10-17,Clothing,North,9,117.67,1059.03,526.51,49.7
2025-10-17,Food & Beverage,North,11,51.27,563.97,108.0,19.2
2025-10-17,Food & Beverage,West,21,45.85,962.85,291.11,30.2
2025-10-17,Books,South,4,10.6,42.4,12.97,30.6
2025-10-18,Sports,South,5,95.94,479.7,135.18,28.2
2025-10-18,Food & Beverage,East,11,8.35,91.85,16.81,18.3
2025-10-18,Clothing,East,42,25.99,1091.58,382.91,35.1
2025-10-18,Sports,East,40,207.35,8294.0,1986.89,24.0
2025-10-18,Clothing,South,26,55.68,1447.68,688.73,47.6
2025-10-18,Electronics,West,24,177.49,4259.76,733.11,17.2
2025-10-18,Sports,East,31,81.2,2517.2,889.97,35.4
2025-10-19,Sports,East,25,40.45,1011.25,405.65,40.1
2025-10-19,Electronics,West,8,268.4,2147.2,471.61,22.0
2025-10-19,Electronics,North,37,378.46,14003.02,2881.54,20.6
2025-10-19,Books,East,21,37.79,793.59,247.77,31.2
2025-10-19,Clothing,South,46,23.51,1081.46,420.1,38.8
2025-10-19,Clothing,East,23,16.85,387.55,125.38,32.4
2025-10-19,Clothing,South,7,68.49,479.43,156.42,32.6
2025-10-19,Clothing,North,34,120.05,4081.7,1719.53,42.1
2025-10-20,Sports,South,17,93.51,1589.67,659.34,41.5
2025-10-20,Food & Beverage,East,56,11.45,641.2,239.9,37.4
2025-10-20,Books,South,46,30.78,1415.88,558.57,39.5
2025-10-20,Food & Beverage,North,38,15.08,573.04,209.47,36.6
2025-10-20,Electronics,East,50,323.34,16167.0,2975.42,18.4
2025-10-20,Sports,West,41,88.8,3640.8,1219.36,33.5
2025-10-20,Clothing,South,49,29.58,1449.42,648.46,44.7
2025-10-20,Books,West,23,11.05,254.15,114.55,45.1
2025-10-21,Clothing,East,30,94.73,2841.9,1325.4,46.6
2025-10-21,Sports,East,4,187.97,751.88,215.57,28.7
2025-10-21,Books,East,48,26.12,1253.76,368.84,29.4
2025-10-21,Books,South,50,16.43,821.5,287.99,35.1
2025-10-22,Sports,South,26,145.74,3789.24,847.27,22.4
2025-10-22,Books,East,26,24.6,639.6,256.77,40.1
2025-10-22,Clothing,East,20,117.62,2352.4,1212.82,51.6
2025-10-22,Food & Beverage,East,6,42.38,254.28,65.7,25.8
2025-10-22,Books,South,12,12.49,149.88,49.55,33.1
2025-10-22,Electronics,South,23,347.69,7996.87,1649.59,20.6
2025-10-22,Sports,South,49,161.03,7890.47,2209.14,28.0
2025-10-22,Clothing,West,13,76.84,998.92,362.6,36.3
2025-10-22,Clothing,North,6,120.02,720.12,246.56,34.2
2025-10-22,Clothing,South,60,39.35,2361.0,877.98,37.2
2025-10-23,Clothing,North,51,18.87,962.37,457.65,47.6
2025-10-23,Sports,West,11,169.67,1866.37,576.11,30.9
2025-10-23,Clothing,West,26,15.03,390.78,206.97,53.0
2025-10-23,Food & Beverage,North,38,24.45,929.1,203.33,21.9
2025-10-23,Electronics,West,54,199.72,10784.88,1349.34,12.5
2025-10-23,Clothing,North,4,106.28,425.12,136.51,32.1
2025-10-23,Clothing,South,24,85.6,2054.4,893.02,43.5
2025-10-23,Clothing,South,11,41.65,458.15,190.55,41.6
2025-10-24,Books,South,25,31.74,793.5,325.18,41.0
2025-10-24,Sports,North,60,132.48,7948.8,2482.26,31.2
2025-10-24,Electronics,East,26,207.92,5405.92,726.65,13.4
2025-10-24,Sports,North,31,224.95,6973.45,2747.97,39.4
2025-10-25,Food & Beverage,South,46,25.79,1186.34,436.43,36.8
2025-10-25,Electronics,North,37,249.25,9222.25,1661.79,18.0
2025-10-25,Clothing,East,28,25.69,719.32,364.36,50.7
2025-10-25,Clothing,South,44,24.02,1056.88,576.8,54.6
2025-10-25,Clothing,West,8,16.31,130.48,69.7,53.4
2025-10-25,Books,East,19,32.34,614.46,289.99,47.2
2025-10-25,Food & Beverage,South,13,33.47,435.11,112.18,25.8
2025-10-26,Food & Beverage,North,59,44.5,2625.5,714.01,27.2
2025-10-26,Sports,West,43,181.06,7785.58,2527.76,32.5
2025-10-26,Sports,West,58,185.35,10750.3,2433.11,22.6
2025-10-26,Clothing,East,39,47.98,1871.22,853.12,45.6
2025-10-26,Electronics,East,57,273.0,15561.0,2007.84,12.9
2025-10-26,Food & Beverage,East,7,29.42,205.94,55.25,26.8
2025-10-27,Sports,South,12,66.56,798.72,204.91,25.7
2025-10-27,Clothing,East,36,39.92,1437.12,541.67,37.7
2025-10-27,Food & Beverage,North,50,31.43,1571.5,351.71,22.4
2025-10-27,Food & Beverage,West,50,20.09,1004.5,220.26,21.9
2025-10-28,Sports,East,29,128.78,3734.62,1566.62,41.9
2025-10-28,Clothing,East,56,48.1,2693.6,1169.07,43.4
2025-10-28,Clothing,West,54,94.91,5125.14,2073.15,40.5
2025-10-28,Books,North,18,34.53,621.54,180.11,29.0
2025-10-28,Books,West,47,30.6,1438.2,380.46,26.5
2025-10-28,Electronics,North,39,255.69,9971.91,1845.92,18.5
2025-10-28,Food & Beverage,East,31,40.31,1249.61,291.89,23.4
2025-10-28,Electronics,West,47,196.98,9258.06,1497.65,16.2
2025-10-28,Books,North,54,38.57,2082.78,799.28,38.4
2025-10-28,Clothing,West,35,23.15,810.25,379.19,46.8
2025-10-29,Food & Beverage,West,55,34.14,1877.7,492.17,26.2
2025-10-29,Electronics,East,15,284.92,4273.8,1044.11,24.4
2025-10-29,Books,East,18,15.53,279.54,73.18,26.2
2025-10-29,Sports,North,35,178.76,6256.6,2431.62,38.9
2025-10-30,Food & Beverage,West,17,45.32,770.44,269.51,35.0
2025-10-30,Clothing,West,49,39.55,1937.95,849.53,43.8
2025-10-30,Electronics,East,43,214.95,9242.85,1943.04,21.0
2025-10-30,Books,East,53,25.79,1366.87,533.15,39.0
2025-10-30,Electronics,North,10,310.71,3107.1,746.28,24.0
2025-10-30,Clothing,North,1,111.08,111.08,41.88,37.7
2025-10-30,Electronics,West,42,433.33,18199.86,3513.9,19.3
2025-10-30,Electronics,East,16,244.23,3907.68,851.39,21.8
2025-10-30,Sports,North,22,209.18,4601.96,1222.18,26.6
2025-10-30,Clothing,West,18,111.06,1999.08,895.66,44.8
2025-10-31,Clothing,North,26,75.58,1965.08,805.7,41.0
2025-10-31,Clothing,North,53,66.1,3503.3,1664.81,47.5
2025-10-31,Electronics,South,12,349.79,4197.48,733.22,17.5
2025-10-31,Sports,East,50,36.36,1818.0,405.83,22.3
2025-10-31,Books,West,33,28.71,947.43,330.76,34.9
2025-11-01,Books,East,44,37.03,1629.32,717.04,44.0
2025-11-01,Sports,West,49,74.03,3627.47,1098.91,30.3
2025-11-01,Food & Beverage,South,45,32.97,1483.65,450.41,30.4
2025-11-01,Books,West,26,11.4,296.4,131.63,44.4
2025-11-01,Food & Beverage,North,55,52.6,2893.0,695.87,24.1
2025-11-02,Clothing,North,45,115.59,5201.55,1901.64,36.6
2025-11-02,Books,West,49,39.53,1936.97,518.88,26.8
2025-11-02,Sports,West,2,121.27,242.54,63.35,26.1
2025-11-02,Electronics,North,26,736.85,19158.1,3738.21,19.5
2025-11-02,Electronics,West,13,762.04,9906.52,1936.01,19.5
2025-11-03,Books,North,44,59.57,2621.08,1147.44,43.8
2025-11-03,Clothing,West,8,118.39,947.12,383.27,40.5
2025-11-03,Food & Beverage,South,50,48.2,2410.0,657.28,27.3
2025-11-03,Sports,North,35,143.7,5029.5,1941.85,38.6
2025-11-03,Books,East,11,28.62,314.82,99.84,31.7
2025-11-04,Clothing,South,57,34.77,1981.89,976.62,49.3
2025-11-04,Food & Beverage,East,44,67.61,2974.84,893.35,30.0
2025-11-04,Electronics,North,19,424.47,8064.93,1560.77,19.4
2025-11-04,Sports,West,2,258.57,517.14,175.7,34.0
2025-11-05,Books,East,53,34.45,1825.85,536.19,29.4
2025-11-05,Food & Beverage,East,39,39.41,1536.99,571.33,37.2
2025-11-05,Food & Beverage,South,36,53.89,1940.04,637.3,32.8
2025-11-05,Food & Beverage,South,52,8.71,452.92,94.81,20.9
2025-11-06,Electronics,West,47,490.06,23032.82,4004.42,17.4
2025-11-06,Books,North,25,42.29,1057.25,496.26,46.9
2025-11-06,Food & Beverage,South,44,11.85,521.4,185.93,35.7
2025-11-06,Books,North,7,30.12,210.84,93.97,44.6
2025-11-06,Books,South,58,41.18,2388.44,877.82,36.8
2025-11-06,Food & Beverage,North,13,70.68,918.84,307.76,33.5
2025-11-06,Electronics,West,4,757.61,3030.44,748.68,24.7
2025-11-06,Sports,East,3,136.95,410.85,94.32,23.0
2025-11-06,Electronics,North,34,642.27,21837.18,5079.37,23.3
2025-11-06,Electronics,West,11,398.22,4380.42,826.72,18.9
2025-11-07,Sports,South,42,206.65,8679.3,2423.23,27.9
2025-11-07,Food & Beverage,East,49,64.97,3183.53,993.59,31.2
2025-11-07,Electronics,West,10,474.98,4749.8,977.37,20.6
2025-11-07,Food & Beverage,South,42,39.91,1676.22,513.37,30.6
2025-11-07,Electronics,North,27,564.39,15238.53,2666.56,17.5
2025-11-07,Books,North,47,40.66,1911.02,870.85,45.6
2025-11-07,Electronics,South,52,400.82,20842.64,3563.02,17.1
2025-11-07,Electronics,North,34,250.34,8511.56,1039.91,12.2
2025-11-08,Electronics,West,4,555.12,2220.48,498.68,22.5
2025-11-08,Sports,South,44,213.23,9382.12,2560.5,27.3
2025-11-08,Food & Beverage,South,21,48.13,1010.73,259.05,25.6
2025-11-08,Clothing,East,22,201.3,4428.6,2081.96,47.0
2025-11-08,Sports,North,6,77.97,467.82,171.76,36.7
2025-11-08,Food & Beverage,South,20,14.4,288.0,102.35,35.5
2025-11-08,Clothing,West,39,27.12,1057.68,341.11,32.3
2025-11-08,Clothing,South,30,76.67,2300.1,695.18,30.2
2025-11-09,Food & Beverage,West,26,54.64,1420.64,519.06,36.5
2025-11-09,Electronics,South,40,343.04,13721.6,3004.15,21.9
2025-11-09,Electronics,South,59,571.35,33709.65,5106.9,15.1
2025-11-09,Food & Beverage,South,55,46.12,2536.6,806.49,31.8
2025-11-09,Electronics,East,23,291.26,6698.98,1469.31,21.9
2025-11-09,Food & Beverage,North,45,43.32,1949.4,522.29,26.8
2025-11-09,Food & Beverage,East,44,7.82,344.08,78.66,22.9
2025-11-09,Sports,East,54,242.82,13112.28,4222.21,32.2
2025-11-10,Electronics,East,56,640.21,35851.76,6407.79,17.9
2025-11-10,Sports,South,34,101.2,3440.8,1403.21,40.8
2025-11-10,Sports,West,10,259.78,2597.8,1070.67,41.2
2025-11-10,Clothing,West,3,88.03,264.09,132.49,50.2
2025-11-10,Books,West,19,34.75,660.25,184.7,28.0
2025-11-11,Food & Beverage,West,59,56.54,3335.86,1045.18,31.3
2025-11-11,Clothing,South,48,29.24,1403.52,511.08,36.4
2025-11-11,Books,West,12,17.3,207.6,71.51,34.4
2025-11-11,Books,South,1,23.73,23.73,8.11,34.2
2025-11-11,Sports,West,12,70.26,843.12,243.62,28.9
2025-11-11,Books,South,38,43.61,1657.18,644.21,38.9
2025-11-11,Books,South,14,21.36,299.04,112.78,37.7
2025-11-11,Sports,West,36,146.46,5272.56,1908.79,36.2
2025-11-12,Books,South,24,43.67,1048.08,366.6,35.0
2025-11-12,Food & Beverage,North,16,24.62,393.92,84.51,21.5
2025-11-12,Books,East,58,37.48,2173.84,666.97,30.7
2025-11-12,Food & Beverage,South,39,33.64,1311.96,285.9,21.8
2025-11-12,Books,North,10,59.37,593.7,203.38,34.3
2025-11-12,Electronics,North,58,198.59,11518.22,1827.64,15.9
2025-11-12,Sports,West,10,222.58,2225.8,812.14,36.5
2025-11-13,Food & Beverage,South,55,7.63,419.65,99.39,23.7
2025-11-13,Books,North,14,26.34,368.76,93.6,25.4
2025-11-13,Books,West,21,16.74,351.54,139.27,39.6
2025-11-13,Books,West,9,11.78,106.02,41.45,39.1
2025-11-14,Food & Beverage,West,20,15.85,317.0,106.89,33.7
2025-11-14,Clothing,East,59,27.2,1604.8,730.62,45.5
2025-11-14,Clothing,North,34,62.89,2138.26,821.54,38.4
2025-11-14,Clothing,North,37,207.76,7687.12,4215.09,54.8
2025-11-14,Sports,North,40,283.74,11349.6,3765.11,33.2
2025-11-14,Books,West,9,48.48,436.32,166.12,38.1
2025-11-14,Books,North,42,59.21,2486.82,833.35,33.5
2025-11-15,Clothing,North,6,119.15,714.9,279.61,39.1
2025-11-15,Electronics,West,40,402.51,16100.4,2142.41,13.3
2025-11-15,Books,West,37,24.26,897.62,323.56,36.0
2025-11-15,Food & Beverage,North,20,24.15,483.0,177.68,36.8
2025-11-15,Sports,East,8,201.95,1615.6,458.18,28.4
2025-11-15,Electronics,South,31,514.66,15954.46,2569.42,16.1
2025-11-15,Sports,North,1,43.85,43.85,13.95,31.8
2025-11-15,Clothing,South,5,96.64,483.2,262.22,54.3
2025-11-16,Clothing,West,6,151.27,907.62,445.14,49.0
2025-11-16,Clothing,North,10,161.88,1618.8,822.89,50.8
2025-11-16,Books,North,38,21.45,815.1,294.56,36.1
2025-11-16,Clothing,West,3,55.9,167.7,80.99,48.3
2025-11-17,Food & Beverage,East,18,58.83,1058.94,251.31,23.7
2025-11-17,Books,North,50,24.92,1246.0,435.09,34.9
2025-11-17,Sports,West,56,56.11,3142.16,832.98,26.5
2025-11-17,Electronics,North,45,793.99,35729.55,6208.37,17.4
2025-11-17,Electronics,North,51,511.36,26079.36,3245.19,12.4
2025-11-17,Books,East,6,32.03,192.18,58.6,30.5
2025-11-17,Clothing,East,6,72.47,434.82,172.14,39.6
2025-11-17,Food & Beverage,North,39,62.23,2426.97,707.87,29.2
2025-11-17,Food & Beverage,North,23,30.77,707.71,232.41,32.8
2025-11-17,Electronics,East,58,723.69,41974.02,6458.73,15.4
2025-11-18,Books,West,43,25.62,1101.66,428.02,38.9
2025-11-18,Electronics,West,4,562.52,2250.08,510.24,22.7
2025-11-18,Electronics,North,19,155.94,2962.86,450.23,15.2
2025-11-18,Electronics,East,21,764.35,16051.35,2170.78,13.5
2025-11-18,Food & Beverage,North,49,24.2,1185.8,432.37,36.5
2025-11-18,Books,South,12,12.41,148.92,55.71,37.4
2025-11-18,Clothing,West,26,153.18,3982.68,1958.66,49.2
2025-11-18,Electronics,South,33,340.03,11220.99,2543.8,22.7
2025-11-18,Books,West,44,49.86,2193.84,865.51,39.5
2025-11-19,Electronics,West,35,491.21,17192.35,2401.8,14.0
2025-11-19,Food & Beverage,South,39,42.59,1661.01,329.06,19.8
2025-11-19,Sports,East,45,134.75,6063.75,2062.05,34.0
2025-11-19,Clothing,South,22,130.59,2872.98,956.81,33.3
2025-11-19,Electronics,South,39,711.2,27736.8,4410.08,15.9
2025-11-19,Electronics,North,49,741.19,36318.31,6397.85,17.6
2025-11-19,Electronics,West,3,528.9,1586.7,198.87,12.5
2025-11-19,Electronics,North,35,795.65,27847.75,6318.72,22.7
2025-11-19,Food & Beverage,South,6,10.69,64.14,20.28,31.6
2025-11-20,Sports,West,7,48.52,339.64,111.21,32.7
2025-11-20,Books,East,36,12.97,466.92,134.24,28.7
2025-11-20,Sports,South,12,162.0,1944.0,471.01,24.2
2025-11-20,Sports,North,19,297.44,5651.36,2146.07,38.0
2025-11-20,Clothing,South,2,69.01,138.02,62.13,45.0
2025-11-21,Electronics,West,31,767.73,23799.63,3980.17,16.7
2025-11-21,Food & Beverage,East,31,51.44,1594.64,592.75,37.2
2025-11-21,Electronics,South,59,502.62,29654.58,4316.79,14.6
2025-11-21,Sports,North,19,134.96,2564.24,601.79,23.5
2025-11-21,Books,East,47,21.57,1013.79,316.94,31.3
2025-11-21,Sports,West,27,56.95,1537.65,463.58,30.1
2025-11-21,Clothing,East,45,159.08,7158.6,2820.36,39.4
2025-11-22,Food & Beverage,South,1,13.11,13.11,3.37,25.7
2025-11-22,Books,East,2,16.59,33.18,12.01,36.2
2025-11-22,Books,West,1,19.39,19.39,6.58,33.9
2025-11-22,Sports,North,22,279.66,6152.52,1417.34,23.0
2025-11-23,Electronics,West,26,288.41,7498.66,1708.2,22.8
2025-11-23,Food & Beverage,North,9,56.65,509.85,182.23,35.7
2025-11-23,Electronics,West,18,690.75,12433.5,2500.37,20.1
2025-11-23,Books,North,1,53.08,53.08,20.43,38.5
2025-11-23,Books,North,11,14.77,162.47,68.3,42.0
2025-11-24,Electronics,South,24,197.0,4728.0,941.25,19.9
2025-11-24,Food & Beverage,South,45,16.38,737.1,271.66,36.9
2025-11-24,Food & Beverage,West,45,41.45,1865.25,422.02,22.6
2025-11-24,Electronics,South,26,140.4,3650.4,733.83,20.1
2025-11-24,Books,West,3,15.93,47.79,22.58,47.2
2025-11-24,Food & Beverage,West,60,23.77,1426.2,348.47,24.4
2025-11-24,Food & Beverage,South,3,22.65,67.95,22.38,32.9
2025-11-24,Books,East,45,23.38,1052.1,342.73,32.6
2025-11-24,Books,North,8,38.63,309.04,122.08,39.5
2025-11-25,Books,West,23,36.58,841.34,312.78,37.2
2025-11-25,Food & Beverage,East,49,27.11,1328.39,499.57,37.6
2025-11-25,Clothing,South,39,141.68,5525.52,2170.14,39.3
2025-11-25,Electronics,West,40,460.67,18426.8,2965.55,16.1
2025-11-26,Sports,North,16,290.79,4652.64,1403.6,30.2
2025-11-26,Sports,South,20,137.49,2749.8,621.72,22.6
2025-11-26,Electronics,East,29,743.82,21570.78,3021.08,14.0
2025-11-26,Sports,West,2,56.67,113.34,32.94,29.1
2025-11-26,Electronics,East,33,392.06,12937.98,1671.99,12.9
2025-11-26,Clothing,North,5,112.84,564.2,265.09,47.0
2025-11-26,Electronics,West,32,671.62,21491.84,3462.0,16.1
2025-11-27,Food & Beverage,West,37,10.12,374.44,77.06,20.6
2025-11-27,Food & Beverage,East,5,19.67,98.35,29.32,29.8
2025-11-27,Food & Beverage,West,37,22.02,814.74,262.29,32.2
2025-11-27,Food & Beverage,East,14,12.79,179.06,61.3,34.2
2025-11-28,Sports,North,21,224.37,4711.77,1152.6,24.5
2025-11-28,Electronics,West,28,776.09,21730.52,5253.89,24.2
2025-11-28,Sports,South,28,92.92,2601.76,1032.99,39.7
2025-11-28,Books,South,13,42.35,550.55,227.98,41.4
2025-11-28,Sports,East,41,192.05,7874.05,2456.71,31.2
2025-11-28,Books,North,24,44.81,1075.44,281.02,26.1
2025-11-28,Clothing,South,48,126.54,6073.92,3109.19,51.2
2025-11-28,Electronics,East,16,738.07,11809.12,2654.01,22.5
2025-11-28,Electronics,South,11,130.64,1437.04,239.68,16.7
2025-11-29,Clothing,South,13,150.17,1952.21,655.77,33.6
2025-11-29,Books,West,14,43.1,603.4,169.34,28.1
2025-11-29,Books,West,19,21.18,402.42,117.82,29.3
2025-11-29,Books,South,21,18.35,385.35,110.86,28.8
2025-11-29,Sports,West,25,170.45,4261.25,1443.49,33.9
2025-11-29,Clothing,East,11,102.69,1129.59,598.24,53.0
2025-11-29,Books,South,15,36.35,545.25,245.1,45.0
2025-11-30,Clothing,North,9,73.64,662.76,229.04,34.6
2025-11-30,Books,North,17,44.91,763.47,190.89,25.0
2025-11-30,Sports,South,15,183.7,2755.5,702.76,25.5
2025-11-30,Food & Beverage,East,9,19.87,178.83,42.81,23.9
2025-11-30,Electronics,South,57,482.98,27529.86,6165.6,22.4
2025-11-30,Sports,East,53,106.19,5628.07,1332.84,23.7
2025-11-30,Food & Beverage,East,9,61.9,557.1,106.69,19.2
2025-11-30,Sports,East,28,166.95,4674.6,1598.11,34.2
2025-11-30,Electronics,South,36,695.44,25035.84,3408.91,13.6
2025-12-01,Sports,East,16,79.74,1275.84,320.17,25.1
2025-12-01,Sports,South,59,50.42,2974.78,921.83,31.0
2025-12-01,Sports,South,14,221.2,3096.8,937.81,30.3
2025-12-01,Books,North,26,31.18,810.68,258.37,31.9
2025-12-02,Electronics,West,1,267.33,267.33,44.64,16.7
2025-12-02,Clothing,West,52,29.8,1549.6,702.88,45.4
2025-12-02,Clothing,East,9,136.36,1227.24,394.19,32.1
2025-12-02,Electronics,West,51,603.82,30794.82,6609.5,21.5
2025-12-02,Clothing,West,18,27.11,487.98,225.45,46.2
2025-12-02,Sports,West,51,203.51,10379.01,3334.44,32.1
2025-12-02,Sports,West,27,58.23,1572.21,524.86,33.4
2025-12-03,Sports,South,1,200.89,200.89,54.04,26.9
2025-12-03,Sports,South,52,130.46,6783.92,2824.98,41.6
2025-12-03,Sports,East,27,206.4,5572.8,1541.13,27.7
2025-12-03,Sports,East,21,173.49,3643.29,1272.01,34.9
2025-12-04,Electronics,South,38,537.94,20441.72,3969.69,19.4
2025-12-04,Sports,East,54,272.33,14705.82,5557.6,37.8
2025-12-04,Food & Beverage,West,3,40.97,122.91,37.37,30.4
2025-12-04,Food & Beverage,East,1,60.07,60.07,17.99,29.9
2025-12-04,Clothing,South,53,84.64,4485.92,2324.15,51.8
2025-12-05,Clothing,South,9,134.29,1208.61,657.29,54.4
2025-12-05,Food & Beverage,West,7,14.15,99.05,20.94,21.1
2025-12-05,Books,North,43,53.44,2297.92,629.62,27.4
2025-12-05,Books,East,36,51.66,1859.76,562.46,30.2
2025-12-05,Electronics,North,45,203.8,9171.0,1917.26,20.9
2025-12-05,Sports,South,9,214.97,1934.73,741.63,38.3
2025-12-06,Food & Beverage,West,20,16.6,332.0,118.82,35.8
2025-12-06,Clothing,East,26,151.35,3935.1,1914.94,48.7
2025-12-06,Sports,North,55,168.05,9242.75,2959.87,32.0
2025-12-06,Clothing,South,14,89.68,1255.52,578.47,46.1
2025-12-06,Sports,North,22,206.77,4548.94,1885.56,41.5
2025-12-06,Food & Beverage,North,25,42.6,1065.0,273.58,25.7
2025-12-06,Electronics,South,45,552.67,24870.15,4845.19,19.5
2025-12-06,Food & Beverage,West,20,33.85,677.0,254.49,37.6
2025-12-07,Books,East,26,11.99,311.74,126.65,40.6
2025-12-07,Books,West,44,28.86,1269.84,396.12,31.2
2025-12-07,Sports,South,57,166.24,9475.68,2542.21,26.8
2025-12-07,Electronics,West,10,263.29,2632.9,591.13,22.5
2025-12-07,Electronics,North,37,827.31,30610.47,5333.37,17.4
2025-12-07,Sports,West,9,27.73,249.57,75.8,30.4
2025-12-07,Food & Beverage,East,47,34.44,1618.68,455.36,28.1
2025-12-07,Food & Beverage,East,32,47.7,1526.4,434.33,28.5
2025-12-08,Food & Beverage,East,49,53.43,2618.07,936.47,35.8
2025-12-08,Food & Beverage,North,12,24.61,295.32,78.61,26.6
2025-12-08,Electronics,North,4,445.82,1783.28,317.48,17.8
2025-12-08,Books,West,52,32.49,1689.48,473.97,28.1
2025-12-08,Electronics,East,5,427.03,2135.15,354.17,16.6
2025-12-08,Food & Beverage,North,10,19.26,192.6,44.56,23.1
2025-12-08,Food & Beverage,East,5,54.11,270.55,80.56,29.8
2025-12-09,Food & Beverage,North,10,61.41,614.1,212.87,34.7
2025-12-09,Clothing,West,59,113.78,6713.02,2728.51,40.6
2025-12-09,Books,South,54,21.28,1149.12,411.49,35.8
2025-12-09,Electronics,North,29,162.56,4714.24,715.95,15.2
2025-12-09,Clothing,North,57,147.81,8425.17,4233.42,50.2
2025-12-09,Food & Beverage,South,59,17.02,1004.18,309.89,30.9
2025-12-09,Electronics,South,3,597.42,1792.26,292.61,16.3
2025-12-10,Books,South,2,46.17,92.34,39.58,42.9
2025-12-10,Food & Beverage,North,14,25.58,358.12,105.89,29.6
2025-12-10,Books,West,41,13.15,539.15,210.11,39.0
2025-12-10,Books,West,56,45.54,2550.24,1119.28,43.9
2025-12-11,Sports,South,54,80.84,4365.36,1824.75,41.8
2025-12-11,Books,East,8,20.08,160.64,54.54,34.0
2025-12-11,Food & Beverage,North,20,28.85,577.0,108.73,18.8
2025-12-11,Clothing,East,49,161.04,7890.96,3850.38,48.8
2025-12-11,Sports,East,33,266.53,8795.49,1959.92,22.3
2025-12-11,Food & Beverage,West,41,43.89,1799.49,404.08,22.5
2025-12-11,Food & Beverage,North,57,30.13,1717.41,593.67,34.6
2025-12-11,Books,North,9,43.43,390.87,136.57,34.9
2025-12-12,Books,East,18,17.35,312.3,140.7,45.1
2025-12-12,Electronics,South,6,329.16,1974.96,373.18,18.9
2025-12-12,Clothing,East,34,74.66,2538.44,1295.58,51.0
2025-12-12,Electronics,West,13,695.43,9040.59,1265.35,14.0
2025-12-12,Clothing,North,37,171.36,6340.32,2956.16,46.6
2025-12-13,Food & Beverage,West,30,27.71,831.3,210.37,25.3
2025-12-13,Electronics,East,5,496.72,2483.6,435.37,17.5
2025-12-13,Food & Beverage,South,13,6.04,78.52,22.33,28.4
2025-12-13,Clothing,East,51,138.34,7055.34,3657.83,51.8
2025-12-13,Books,East,7,35.84,250.88,71.9,28.7
2025-12-13,Clothing,South,58,86.52,5018.16,2429.83,48.4
2025-12-13,Food & Beverage,West,46,42.93,1974.78,466.03,23.6
2025-12-14,Sports,West,19,243.17,4620.23,1210.3,26.2
2025-12-14,Sports,South,45,23.92,1076.4,323.53,30.1
2025-12-14,Books,South,43,45.55,1958.65,901.75,46.0
2025-12-14,Electronics,East,6,827.11,4962.66,937.21,18.9
2025-12-14,Electronics,West,35,464.44,16255.4,2573.83,15.8
2025-12-14,Clothing,West,53,84.78,4493.34,1729.81,38.5
2025-12-14,Food & Beverage,West,40,38.6,1544.0,536.07,34.7
2025-12-15,Clothing,South,9,91.18,820.62,275.81,33.6
2025-12-15,Sports,North,29,198.0,5742.0,2349.44,40.9
2025-12-15,Electronics,South,57,218.78,12470.46,2260.87,18.1
2025-12-15,Books,North,3,45.85,137.55,59.59,43.3
2025-12-15,Sports,East,53,94.31,4998.43,1898.86,38.0
2025-12-15,Books,West,4,38.32,153.28,57.79,37.7
2025-12-15,Sports,West,38,101.57,3859.66,1049.43,27.2
2025-12-16,Sports,West,32,99.47,3183.04,829.2,26.1
2025-12-16,Books,North,53,53.99,2861.47,1073.82,37.5
2025-12-16,Books,North,54,33.6,1814.4,541.29,29.8
2025-12-16,Books,North,23,39.86,916.78,296.76,32.4
2025-12-16,Books,North,36,39.76,1431.36,479.52,33.5
2025-12-16,Books,West,11,27.25,299.75,112.85,37.6
2025-12-16,Books,East,36,33.27,1197.72,412.66,34.5
2025-12-16,Books,North,56,19.4,1086.4,275.82,25.4
2025-12-16,Sports,West,6,61.32,367.92,124.63,33.9
2025-12-17,Electronics,South,8,681.08,5448.64,1210.83,22.2
2025-12-17,Books,North,41,52.61,2157.01,905.5,42.0
2025-12-17,Books,North,10,56.37,563.7,224.81,39.9
2025-12-17,Books,West,55,37.68,2072.4,881.51,42.5
2025-12-17,Books,South,53,39.63,2100.39,838.55,39.9
2025-12-17,Sports,North,59,138.02,8143.18,2956.41,36.3
2025-12-17,Books,North,56,17.63,987.28,350.07,35.5
2025-12-17,Clothing,South,31,139.44,4322.64,1933.82,44.7
2025-12-17,Clothing,West,36,125.92,4533.12,1621.69,35.8
2025-12-18,Books,West,43,23.04,990.72,453.24,45.7
2025-12-18,Electronics,South,46,306.43,14095.78,2462.45,17.5
2025-12-18,Food & Beverage,West,33,42.43,1400.19,493.5,35.2
2025-12-18,Clothing,South,22,75.17,1653.74,680.55,41.2
2025-12-18,Sports,West,16,199.1,3185.6,1188.83,37.3
2025-12-18,Clothing,North,21,91.21,1915.41,877.32,45.8
2025-12-19,Food & Beverage,West,44,59.45,2615.8,657.86,25.1
2025-12-19,Electronics,West,40,533.55,21342.0,4994.72,23.4
2025-12-19,Clothing,East,46,170.23,7830.58,2864.83,36.6
2025-12-19,Food & Beverage,East,33,39.83,1314.39,264.11,20.1
2025-12-19,Electronics,East,5,352.13,1760.65,321.92,18.3
2025-12-19,Electronics,North,49,264.96,12983.04,1940.79,14.9
2025-12-19,Food & Beverage,North,13,34.43,447.59,169.23,37.8
2025-12-19,Electronics,East,41,663.64,27209.24,6162.56,22.6
2025-12-19,Books,North,48,13.75,660.0,261.98,39.7
2025-12-20,Sports,West,35,38.5,1347.5,534.28,39.6
2025-12-20,Clothing,East,52,162.44,8446.88,3097.91,36.7
2025-12-20,Sports,East,17,128.53,2185.01,687.42,31.5
2025-12-20,Food & Beverage,North,59,58.69,3462.71,783.89,22.6
2025-12-20,Sports,West,20,216.57,4331.4,1010.42,23.3
2025-12-20,Clothing,South,40,69.88,2795.2,991.34,35.5
2025-12-20,Sports,South,56,48.47,2714.32,913.26,33.6
2025-12-20,Sports,East,29,200.87,5825.23,1468.15,25.2
2025-12-20,Clothing,West,15,41.55,623.25,248.29,39.8
2025-12-20,Books,South,46,10.77,495.42,188.23,38.0
2025-12-21,Food & Beverage,East,59,50.14,2958.26,712.53,24.1
2025-12-21,Clothing,South,15,48.07,721.05,232.62,32.3
2025-12-21,Food & Beverage,North,36,30.82,1109.52,363.67,32.8
2025-12-21,Books,South,38,25.57,971.66,329.86,33.9
2025-12-22,Clothing,East,19,165.39,3142.41,1607.78,51.2
2025-12-22,Food & Beverage,West,12,49.04,588.48,146.58,24.9
2025-12-22,Books,East,35,23.3,815.5,219.32,26.9
2025-12-22,Sports,East,48,256.27,12300.96,4991.95,40.6
2025-12-22,Electronics,West,5,424.99,2124.95,348.0,16.4
2025-12-22,Clothing,South,5,99.26,496.3,160.56,32.4
2025-12-22,Books,North,42,51.86,2178.12,688.15,31.6
2025-12-23,Clothing,East,54,73.44,3965.76,1665.14,42.0
2025-12-23,Electronics,East,53,531.27,28157.31,5919.21,21.0
2025-12-23,Sports,East,2,208.12,416.24,102.27,24.6
2025-12-23,Clothing,West,19,135.63,2576.97,1415.35,54.9
2025-12-24,Electronics,South,28,696.86,19512.08,3950.69,20.2
2025-12-24,Electronics,West,46,678.48,31210.08,4218.19,13.5
2025-12-24,Clothing,West,25,100.01,2500.25,827.03,33.1
2025-12-24,Sports,West,27,127.91,3453.57,813.63,23.6
2025-12-24,Clothing,East,48,94.73,4547.04,1637.51,36.0
2025-12-25,Electronics,South,51,628.69,32063.19,4381.14,13.7
2025-12-25,Clothing,East,40,128.99,5159.6,1598.98,31.0
2025-12-25,Clothing,West,28,117.03,3276.84,1713.05,52.3
2025-12-25,Sports,East,40,209.21,8368.4,1998.02,23.9
2025-12-25,Sports,North,21,70.19,1473.99,414.02,28.1
2025-12-26,Sports,North,18,108.95,1961.1,673.36,34.3
2025-12-26,Clothing,South,50,151.38,7569.0,2389.28,31.6
2025-12-26,Food & Beverage,West,59,27.59,1627.81,580.05,35.6
2025-12-26,Clothing,West,53,32.83,1739.99,761.07,43.7
2025-12-26,Clothing,West,49,45.54,2231.46,791.16,35.5
2025-12-26,Books,East,48,50.43,2420.64,817.5,33.8
2025-12-26,Books,East,23,36.37,836.51,239.52,28.6
2025-12-26,Clothing,West,44,97.7,4298.8,2204.0,51.3
2025-12-26,Food & Beverage,North,20,48.37,967.4,179.23,18.5
2025-12-26,Books,East,1,53.41,53.41,22.48,42.1
2025-12-27,Food & Beverage,North,47,56.05,2634.35,583.92,22.2
2025-12-27,Food & Beverage,East,60,48.8,2928.0,1039.44,35.5
2025-12-27,Sports,West,10,68.25,682.5,274.45,40.2
2025-12-27,Clothing,North,20,118.18,2363.6,851.61,36.0
2025-12-27,Clothing,North,17,206.34,3507.78,1294.36,36.9
2025-12-27,Electronics,East,44,474.64,20884.16,4081.47,19.5
2025-12-28,Clothing,East,6,45.39,272.34,129.14,47.4
2025-12-28,Books,West,34,31.91,1084.94,418.37,38.6
2025-12-28,Food & Beverage,South,5,12.91,64.55,20.5,31.8
2025-12-28,Food & Beverage,North,38,29.15,1107.7,253.41,22.9
2025-12-28,Sports,West,28,48.17,1348.76,349.15,25.9
2025-12-29,Books,East,33,13.17,434.61,118.64,27.3
2025-12-29,Books,West,16,13.97,223.52,66.48,29.7
2025-12-29,Electronics,East,6,796.48,4778.88,728.89,15.3
2025-12-29,Sports,West,35,122.54,4288.9,1485.08,34.6
2025-12-29,Electronics,West,52,496.59,25822.68,4940.99,19.1
2025-12-29,Electronics,North,40,666.05,26642.0,5382.0,20.2
2025-12-29,Food & Beverage,West,20,14.04,280.8,93.28,33.2
2025-12-29,Electronics,West,42,496.2,20840.4,4770.8,22.9
2025-12-29,Clothing,West,53,121.14,6420.42,2243.81,34.9
2025-12-30,Electronics,East,17,260.85,4434.45,960.48,21.7
2025-12-30,Electronics,West,3,163.48,490.44,71.3,14.5
2025-12-30,Clothing,West,56,80.32,4497.92,2076.95,46.2
2025-12-30,Food & Beverage,North,44,29.44,1295.36,448.44,34.6
2025-12-30,Clothing,East,48,42.06,2018.88,751.67,37.2
2025-12-30,Clothing,North,26,106.59,2771.34,856.81,30.9
2025-12-30,Food & Beverage,North,17,28.99,492.83,146.75,29.8
2025-12-30,Clothing,North,7,217.54,1522.78,609.8,40.0
2025-12-30,Clothing,South,55,133.52,7343.6,2461.3,33.5
2025-12-30,Clothing,South,18,27.25,490.5,268.7,54.8
2025-12-31,Books,South,12,34.25,411.0,107.21,26.1
2025-12-31,Sports,South,42,29.2,1226.4,505.49,41.2
2025-12-31,Books,North,55,15.57,856.35,363.42,42.4
2025-12-31,Food & Beverage,East,14,20.56,287.84,57.63,20.0
2025-12-31,Clothing,South,24,49.05,1177.2,464.65,39.5
